,Name,Symbol
3,2020 BULKERS,2020
4,2CRSI,AL2SI
5,3D SYSTEMS CORP,4DDD
6,3D SYSTEMS CORP,1DDD
7,3D SYSTEMS CORP,2DDD
8,3M,4MMM
9,3M,1MMM
10,3M,2MMM
11,4AIM SICAF,AIM
12,4AIM SICAF COMP 2,AIM2
13,5TH PLANET GAMES,5PG
14,74SOFTWARE,74SW
15,A O Smith Corp,1AOS
16,A.B.P. NOCIVELLI,ABP
17,A2A,A2A
18,A2A,2A2A
19,AAK AB,1AAK
20,AALBERTS NV,AALB
21,AALBERTS NV,2AALB
22,AASEN SPAREBANK,AASB
23,AATECH,AAT
24,AB INBEV,ABI
25,AB SCIENCE,AB
26,AB SCIENCE BSA,ABBS
27,AB SCIENCE BSA 25,ABSBS
28,AB SCIENCE BSAAU25,ABBSA
29,ABATTOIR,-
30,ABB Ltd,1ABB
31,Abbott LaB,1ABT
32,ABBVIE,4ABBV
33,ABBVIE,1ABBV
34,ABBVIE,2ABBV
35,ABC ARBITRAGE,ABCA
36,ABC COMPANY,ABC
37,ABEO,ABEO
38,ABERCROMBIE & FITC,1ANF
39,ABG SUNDAL COLLIER,ABG
40,ABIONYX PHARMA,ABNX
41,ABITARE IN,ABT
42,ABIVAX,ABVX
43,ABL Diagnostics,ABLD
44,ABL GROUP,ABL
45,ABN AMRO BANK N.V.,ABN
46,ABO GROUP,ABO
47,ACADIA HEALTHCARE,1ACHC
48,ACANTHE DEV.,ACAN
49,ACCENTIS,ACCB
50,Accenture PLC,1ACN
51,Acciona,1ANA
52,ACCIONA Energias,1ANE
53,ACCOR,AC
54,ACCOR,2AC
55,ACCOR,4AC
56,ACCSYS,AXS
57,ACEA,ACE
58,Acerinox,1ACX
59,ACHETER-LOUER.FR,ALALO
60,ACINQUE,AC5
61,ACKERMANS V.HAAREN,2ACKB
62,ACKERMANS V.HAAREN,ACKB
63,ACM RESEARCH INC-C,1ACMR
64,ACOMO,ACOMO
65,ACQUAZZURRA,ACQ
66,ACS ACTIVIDADES,1ACS
67,ACS ACTIVIDADES,2ACS
68,ACS ACTIVIDADES,4ACS
69,ACTEOS,EOS
70,ACTIA GROUP,ALATI
71,ACTIVIUM GROUP,MLACT
72,ACVLHO,-
73,ADC SIIC,ALDV
74,AddTech,1ADDT
75,ADEC INNOVATIONS,MLADE
76,ADECCO,1ADEN
77,ADEUNIS,ALARF
78,ADIDAS,2ADS
79,ADIDAS,1ADS
80,ADIDAS,4ADS
81,ADLER GROUP,4ADJ
82,ADLER GROUP,1ADJ
83,ADLER GROUP,2ADJ
84,ADOBE,2ADBE
85,ADOBE,4ADBE
86,ADOBE,1ADBE
87,ADOCIA,ADOC
88,ADOCIA BSA,ADOBS
89,ADOMOS,ALADO
90,ADP,2ADPP
91,ADP,ADP
92,ADS MARITIME HOLD,ADS
93,ADUX,ALDUX
94,ADVANCED MICRO DEV,1AMD
95,ADVANCED MICRO DEV,2AMDV
96,ADVANCED MICRO DEV,4AMD
97,ADVENTURE,ADV
98,ADVICENNE,ALDVI
99,ADVINI,ALAVI
100,ADYEN,ADYEN
101,ADYEN,2ADYEN
102,ADYEN,4ADYEN
103,AEDES,AEDES
104,AEDIFICA,AED
105,AEDIFICA,2AED
106,AEFFE,AEF
107,AEGON,AGN
108,AELIS FARMA,AELIS
109,AENA SME,2AENA
110,AENA SME,4AENA
111,AENA SME,1AENA
112,AERKOMM INC,AKOM
113,AEROPORTO G. M. BO,ADB
114,AEROVIRONMENT INC,1AVAV
115,AES Corp/The,1AES
116,AF GRUPPEN,AFG
117,AFFLUENT MED BSAR,AFMBS
118,AFFLUENT MEDICAL,AFME
119,Aflac Inc,1AFL
120,AFYREN,ALAFY
121,AG3I,MLAGI
122,AGEAS,AGS
123,AGEAS,2AGS
124,AGEAS,4AGS
125,AGEAS,1AGS
126,AGENCE AUTO,MLAA
127,AGENCE MARIT MINNE,-
128,AGFA-GEVAERT,4AGFB
129,AGFA-GEVAERT,AGFB
130,AGILENT TECHNOL,1A
131,AGILENT TECHNOL,2A
132,AGILENT TECHNOL,4A
133,Agility Capital H,AGIL
134,AGILYX,AGLX
135,AGP MALAGA SOCIMI,MLAGP
136,AGRIPOWER,ALAGP
137,AGROGENERATION,ALAGR
138,AHOLD DEL,4AD
139,AHOLD DEL,AD
140,AHOLD DEL,2AD
141,AHOLD DEL,1AD
142,AIB GROUP PLC,A5G
143,AIR FRANCE -KLM,AF
144,AIR FRANCE-KLM,4AF
145,AIR FRANCE-KLM,2AF
146,AIR FRANCE-KLM,1AF
147,AIR LIQUIDE,AI
148,AIR LIQUIDE,2AI
149,AIR PRODUCTS AND C,2APD
150,AIR PRODUCTS AND C,1APD
151,AIR PRODUCTS AND C,4APD
152,AIRBNB,4ABNB
153,AIRBNB,2ABNB
154,AIRBNB,1ABNB
155,AIRBUS,2AIR
156,AIRBUS,1AIR
157,AIRBUS,AIR
158,AIRBUS,4AIR
159,AIRTHINGS,AIRX
160,AIRWELL,ALAIR
161,AIXTRON,1AIXA
162,AIXTRON,2AIXA
163,AIXTRON,4AIXA
164,AJAX,AJAX
165,AKAMAI TECHNOL,2AKAM
166,AKAMAI TECHNOL,1AKAM
167,AKAMAI TECHNOL,4AKAM
168,AKASTOR,AKAST
169,AKER,AKER
170,AKER BIOMARINE,AKBM
171,AKER BP,AKRBP
172,AKER CARBON CAPTUR,ACC
173,AKER HORIZONS,AKH
174,AKER SOLUTIONS,AKSO
175,AKERO THERAPEUTICS,1AKRO
176,AKOBO MINERALS,AKOBO
177,AKVA GROUP,AKVA
178,AKWEL,AKW
179,AKZO NOBEL,AKZA
180,AKZO NOBEL,4AKZA
181,AKZO NOBEL,2AKZA
182,ALA,ALA
183,ALAN ALLMAN,AAA
184,Albemarle,1ALB
185,ALCHIMIE,ALCHI
186,ALCOA,4AA
187,ALCOA,2AA
188,ALCOA,1AA
189,Alcon,1ALC
190,ALERION,ARN
191,Alfa Laval,1ALFA
192,ALFEN,ALFEN
193,ALFEN,2ALFEN
194,ALFEN BEHEER,4ALFEN
195,ALFIO BARDOLLA,ABTG
196,ALFONSINO,ALFO
197,ALIAXIS,-
198,Align Technology,1ALGN
199,ALLCORE,CORE
200,Allegion plc,1ALLE
201,ALLFUNDS GROUP,ALLFG
202,Alliant Energy,1LNT
203,ALLIANZ,2ALV
204,ALLIANZ,1ALV
205,ALLIANZ,4ALV
206,Allstate Corp,1ALL
207,ALMAWAVE,AIW
208,ALMUNDA PRO NV,AMUND
209,ALNYLAM PHARMACEUT,1ALNY
210,ALPES (COMPAGNIE),CDA
211,ALPHABET CLASSE A,4GOOGL
212,ALPHABET CLASSE A,2GOOGL
213,ALPHABET CLASSE A,1GOOGL
214,ALPHABET CLASSE C,2GOOG
215,ALPHABET CLASSE C,4GOOG
216,ALPHABET CLASSE C,1GOOG
217,ALSTOM,4ALO
218,ALSTOM,ALO
219,ALSTOM,2ALO
220,ALTAMIR,LTA
221,ALTAREA,2ALTA
222,ALTAREA,ALTA
223,ALTAREIT,AREIT
224,ALTEA GREEN POWER,AGP
225,ALTEN,2ATE
226,ALTEN,ATE
227,ALTERNUS ENERGY GR,ALT
228,ALTHEORA,ALORA
229,ALTRI SGPS,ALTR
230,ALTRI SGPS,2ALTR
231,ALTRIA GROUP,1MO
232,ALTRIA GROUP,4MO
233,ALTRIA GROUP,2MO
234,ALUMEXX N.V.,ALX
235,ALVEEN,MLALV
236,AMA CORPORATION,ALAMA
237,AMADEUS FIRE,2AAD
238,AMADEUS FIRE,4AAD
239,AMADEUS FIRE,1AAD
240,AMADEUS IT GROUP,4AMS
241,AMADEUS IT GROUP,2AMS
242,AMADEUS IT GROUP,1AMS
243,AMATHEON AGRI,MLAAH
244,AMAZON,4AMZN
245,AMAZON,1AMZN
246,AMAZON,2AMZN
247,AMBARELLA INC,1AMBA
248,AMBROMOBILIARE,AMB
249,AMC ENTERTAINMENT,2AMC
250,AMC ENTERTAINMENT,1AMC
251,Amcor PLC,1AMCR
252,Amentum H,1AMTM
253,Ameren Corp,1AEE
254,AMERICAN AIRLINES,1AAL
255,AMERICAN AIRLINES,2AAL
256,AMERICAN AIRLINES,4AAL
257,American Electric,1AEP
258,AMERICAN EXPRESS,2AXP
259,AMERICAN EXPRESS,4AXP
260,AMERICAN EXPRESS,1AXP
261,AMERICAN INTERN,2AIG
262,AMERICAN INTERN,4AIG
263,AMERICAN INTERN,1AIG
264,AMERICAN SUPERCOND,1AMSC
265,AMERICAN TOWER R,2AMT
266,AMERICAN TOWER R,1AMT
267,AMERICAN TOWER R,4AMT
268,AMERICAN WATER WOR,4AWK
269,AMERICAN WATER WOR,2AWK
270,AMERICAN WATER WOR,1AWK
271,Ameriprise Fin,1AMP
272,AMETEK Inc,1AME
273,AMG,2AMG
274,AMG,AMG
275,AMGEN,2AMGN
276,AMGEN,4AMGN
277,AMGEN,1AMGN
278,AMOEBA,ALMIB
279,Amphenol Corp,4APH
280,Amphenol Corp,2APH
281,Amphenol Corp,1APH
282,AMPLIFON,2AMP
283,AMPLIFON,AMP
284,AMPLITUDE SURGICAL,AMPLI
285,ams-OSRAM,1AMSO
286,AMSC,AMSC
287,AMUNDI,2AMUN
288,AMUNDI,4AMUN
289,AMUNDI,AMUN
290,ANALOG DEVICES,2ADI
291,ANALOG DEVICES,1ADI
292,ANALOG DEVICES,4ADI
293,ANDFJORD SALMON GR,ANDF
294,ANDINO GLOBAL,MLAIG
295,ANDRITZ,1ANDR
296,ANHEUSER-BUSCH,1ABI
297,ANHEUSER-BUSCH,2ABI
298,ANHEUSER-BUSCH,4ABI
299,ANIMA HOLDING,ANIM
300,ANTARES VISION,AV
301,ANTIN INFRA PARTN,2ANTIN
302,ANTIN INFRA PARTN,ANTIN
303,Aon PLC,1AON
304,APA Corp,1APA
305,APELLIS PHARMACEUT,1APLS
306,APERAM,APAM
307,APERAM,2APAM
308,APODACA INVERSIONE,MLASO
309,APOLLO GLOBAL MANA,1APO
310,APPFOLIO INC - A,1APPF
311,APPLE,4AAPL
312,APPLE,1AAPL
313,APPLE,2AAPL
314,Applied Digital,1APLD
315,APPLIED MATERIALS,2AMAT
316,APPLIED MATERIALS,1AMAT
317,APPLIED MATERIALS,4AMAT
318,APPLIED OPTOELECTR,1AAOI
319,AppLovin Corp,1APP
320,AQUA BIO TECHNO,ABTEC
321,AQUAFIL,ECNL
322,AQUILA,ALAQU
323,AQUILA,AERI
324,ARAMIS GROUP,ARAMI
325,ARCADIS,2ARCAD
326,ARCADIS,ARCAD
327,ARCELOR MITT LUX,-
328,ARCELORMITT SCHIFF,-
329,ARCELORMITTAL,4MT
330,ARCELORMITTAL SA,MT
331,Arch Capital G,1ACGL
332,ARCHER,ARCH
333,ARCHER-DANIELS-MID,1ADM
334,ARCHER-DANIELS-MID,2ADM
335,ARCHER-DANIELS-MID,4ADM
336,ARCHOS,ALJXR
337,ARCTIC BIOSCIENCE,ABS
338,ARCTIC FISH HOLDIN,AFISH
339,ARCTICZYMES TECHNO,AZT
340,ARCURE,ALCUR
341,ARDOIN ST AMAND A,MLARD
342,ARDOIN ST AMAND B,ARDO
343,AREF THALASSA,MLARE
344,ARENDALS FOSSEKOMP,AFK
345,ARGAN,ARG
346,ARGENX SE,ARGX
347,ARGENX SE,2ARGX
348,ARIMELIA ITG,MLARI
349,Arista Networks,1ANET
350,ARISTON HOLDING,ARIS
351,ARKEMA,4AKE
352,ARKEMA,AKE
353,ARKEMA,2AKE
354,ARKIMEDES FONDS,-
355,ARMA,-
356,AROCA DEL PINAR,MLARO
357,Aroundtown SA,1AT1
358,ARRIBATEC GROUP,ARR
359,ARTEA,ARTE
360,ARTERRA BIOSCIENCE,ARBS
361,Arthur Gallagher,1AJG
362,ARTMARKET COM,PRC
363,ARTOIS NOM.,ARTO
364,ARVERNE GROUP,ARVEN
365,ARVERNE WARRANT,ARVBS
366,ASCENCIO,ASCE
367,ASCOPIAVE,ASC
368,ASHLER ET MANSON,MLAEM
369,ASM INTERNATIONAL,4ASM
370,ASM INTERNATIONAL,2ASM
371,ASM INTERNATIONAL,ASM
372,ASML,2ASML
373,ASML,4ASML
374,ASML,1ASML
375,ASML HOLDING,ASML
376,ASR NEDERLAND,2ASRNL
377,ASR NEDERLAND,ASRNL
378,Assa Abloy,1ASSA
379,Assurant Inc,1AIZ
380,ASSYSTEM,ASY
381,AST SPACEMOBILE IN,1ASTS
382,ASTICKSO XXI,MLAST
383,AT&S Austria,1ATS
384,AT&T,4T
385,AT&T,1T
386,AT&T,2T
387,ATARI,ALATA
388,ATEA,ATEA
389,ATEME,ATEME
390,ATENOR,ATEB
391,ATLAND,ATLD
392,ATLANTIC SAPPHI TR,ASAS
393,ATLANTIC SAPPHIRE,ASA
394,Atlas Copco,1ATCB
395,Atlas Copco,1ATCA
396,Atlassian Corp,1TEAM
397,Atmos Energy,1ATO
398,ATON,ALTAO
399,ATON GREEN STORAGE,ATON
400,ATOS,2ATO
401,ATOS,ATO
402,ATRIUM BIRE SIGI,MLATR
403,AUBAY,AUB
404,AUDACIA,ALAUD
405,AUGROS COSMETIC,AUGR
406,AUMANN,4AAG
407,AUMANN,1AAG
408,AUMANN,2AAG
409,AUPLATA MINING GR,ALAMG
410,AUREA,AURE
411,AURORA EIENDOM,AURA
412,AURSKOG SPAREBANK,AURG
413,Aurubis,1AUR
414,AUSTEVOLL SEAFOOD,AUSS
415,AUTO1 Group SE,1AG1
416,AUTODESK,2ADSK
417,AUTODESK,1ADSK
418,AUTODESK,4ADSK
419,AUTOMATIC DATA PRO,4ADP
420,AUTOMATIC DATA PRO,2ADP
421,AUTOMATIC DATA PRO,1ADP
422,AUTOSTORE HOLDINGS,AUTO
423,AUTOSTRADE MERID,AUTME
424,AUTOZONE,4AZO
425,AUTOZONE,2AZO
426,AUTOZONE,1AZO
427,AVANCE GAS HOLDING,AGAS
428,AVANTIUM,AVTX
429,Avanza Bank,1AZA
430,AVENIR TELECOM,AVT
431,AVENTADOR,ALAVE
432,Avery Den,1AVY
433,AVIO,AVIO
434,AVIS BUDGET GROUP,1CAR
435,AVOLTA,1AVOL
436,AWILCO LNG,ALNG
437,AXA,1CS
438,AXA,4CS
439,AXA,CS
440,AXA,2CS
441,AXACTOR,ACR
442,AXCELIS TECHNOLOGI,1ACLS
443,Axfood AB,1AXFO
444,Axon Ent,1AXON
445,AXSOME THERAPEUTIC,1AXSM
446,AYFIE INTERNATIONA,AIX
447,AYVENS,AYV
448,AYVENS,2AYV
449,AZ LEASING,MLAZL
450,AZELIS GROUP,AZE
451,AZERION,AZRN
452,AZERION WARRANTS,AZRNW
453,AZIMUT,AZM
454,AZIMUT,2AZM
455,AZOREAN TECH,MLAAT
456,B&C SPEAKERS,BEC
457,B&S Group,BSGR
458,B.COM.PORTUGUES,2BCP
459,B.COM.PORTUGUES,BCP
460,B.F.,BFG
461,B2 Impact,B2I
462,BAIKOWSKI,ALBKK
463,BAINS MER MONACO,BAIN
464,BAKKAFROST,BAKKA
465,Ball Corp,1BALL
466,BALTIC SEA PROP,BALT
467,BALYO,BALYO
468,BAM GROEP KON,BAMNB
469,BANCA GENERALI,BGN
470,BANCA GENERALI,2BGN
471,BANCA IFIS,IF
472,BANCA MEDIOLANUM,2BMED
473,BANCA MEDIOLANUM,BMED
474,BANCA MPS,2BMPS
475,BANCA MPS,BMPS
476,BANCA SISTEMA,BST
477,BANCO BPM,2BAMI
478,BANCO BPM,BAMI
479,BANCO DE SABADELL,2SAB
480,BANCO DE SABADELL,4SAB
481,BANCO DE SABADELL,1SAB
482,BANCO SANTANDER,1SANX
483,BANCO SANTANDER,2SANX
484,BANCO SANTANDER,4SANX
485,BANIJAY GROUP,BNJ
486,BANIJAY GROUP WARR,BNJW
487,BANIMMO A,BANI
488,BANK OF AMERICA,2BAC
489,BANK OF AMERICA,4BAC
490,BANK OF AMERICA,1BAC
491,BANK OF IRELAND GP,BIRG
492,BANK OZK,1OZK
493,Bankinter,1BKT
494,BANQUP GROUP,BANQ
495,BARBARA BUI,BUI
496,BARCO,2BAR
497,BARCO,BAR
498,BARINGS CORE SPAIN,MLBAR
499,BARRAMUNDI GROUP,BARRA
500,BARRY CALLEBAUT,1BARN
501,BASF,2BAS
502,BASF,4BAS
503,BASF,1BAS
504,BASIC-FIT,2BFIT
505,BASIC-FIT,BFIT
506,BASICNET,BAN
507,BASSAC,BASS
508,BASTIDE LE CONFORT,BLC
509,BASTOGI SPA,B
510,BAWAG Group,1BGA
511,BAXTER INTERN,2BAX
512,BAXTER INTERN,4BAX
513,BAXTER INTERN,1BAX
514,BAYER,4BAYN
515,BAYER,1BAYN
516,BAYER,2BAYN
517,BBVA,4BBVA
518,BBVA,2BBVA
519,BBVA,1BBVA
520,BCA POP SONDRIO,BPSO
521,BCA PROFILO,PRO
522,BCO DESIO BRIANZA,BDB
523,BE SEMICONDUCTOR,2BESI
524,BE SEMICONDUCTOR,BESI
525,BEBO HEALTH,MLBBO
526,Bechtle,1BC8
527,"BECTON, DICKINSON",1BDX
528,"BECTON, DICKINSON",2BDX
529,"BECTON, DICKINSON",4BDX
530,BEEWIZE,BWZ
531,BEIERSDORF,2BEI
532,BEIERSDORF,4BEI
533,BEIERSDORF,1BEI
534,Beijer Ref AB,1BEIJ
535,BEKAERT,BEKB
536,BELGIAN MEAT CY,-
537,BELIMO,1BEAN
538,BELLINI NAUTICA,BELL
539,BELUGA,BELU
540,BELYSSE GROUP,BELYS
541,BEM INVEST,-
542,BENETEAU,BEN
543,BENETEAU,2BEN
544,BENFICA,SLBEN
545,BENTLEY SYSTEMS IN,1BSY
546,BERGEN CARBON SOL,BCS
547,BERGENBIO,BGBIO
548,BERKSHIRE HATHAWAY,4BRK
549,BERKSHIRE HATHAWAY,1BRK
550,BERKSHIRE HATHAWAY,2BRKH
551,BERKSHIRE HATHAWAY,1BRKA
552,BERNARD LOISEAU,ALDBL
553,BERTOLOTTI,TRAIN
554,BEST BUY CO,2BBY
555,BEST BUY CO,4BBY
556,BEST BUY CO,1BBY
557,BESTBE HOLDING,BES
558,BET 90,-
559,BEVER HOLDING,BEVER
560,BEWI,BEWI
561,BEYOND MEAT,1BYND
562,BEYOND MEAT,4BYND
563,BEYOND MEAT,2BYND
564,BFF BANK,BFF
565,BGL BNP PARIBAS,-
566,BIC,BB
567,BIC,2BB
568,BIEN SPAREBANK,BIEN
569,BIESSE,BSS
570,BIGBEN INTERACTIVE,BIG
571,BIL,-
572,BILENDI,ALBLD
573,Bilfinger SE,1GBF
574,BIO INOX,MLNOX
575,Bio-Techne Corp,1TECH
576,BIO-UV GROUP,ALTUV
577,BIOCARTIS,BCART
578,BIOGEN,2BIIB
579,BIOGEN,4BIIB
580,BIOGEN,1BIIB
581,BIOMARIN PHARMA,2BMRN
582,BIOMARIN PHARMA,1BMRN
583,BIOMARIN PHARMA,4BMRN
584,BIOMERIEUX,2BIM
585,BIOMERIEUX,BIM
586,BIOPHYTIS,ALBPS
587,BIOPHYTIS BSA,BPYBS
588,BIOPHYTIS BSA,BPBS
589,BIOSENIC,BIOS
590,BIOSYNEX,ALBIO
591,BIOTALYS,BTLS
592,BIP INV. PARTNERS,-
593,BITCOIN GROUP,4ADE
594,BITCOIN GROUP,1ADE
595,BITCOIN GROUP,2ADE
596,Bitdeer Tech,1BTDR
597,BJ'S WHOLESALE CLU,1BJ
598,BKW,1BKW
599,BLACK SEA PROPERTY,BSP
600,BLACKLINE INC,1BL
601,BLACKROCK,1BLK
602,BLACKROCK,2BLK
603,BLACKROCK,4BLK
604,Blackstone Inc,1BX
605,BLEECKER,BLEE
606,BLOCK,2SQ
607,BLOCK,1SQ
608,BLOCK,4SQ
609,BLUE SHARK POWER,MLBSP
610,BLUELINEA,ALBLU
611,BLUENORD,BNOR
612,BM3EAC,BACE
613,BMW,4BMW
614,BMW,1BMW
615,BMW,2BMW
616,BMW PREF,1BMW3
617,BMW PREF,4BMW3
618,BMW PREF,2BMW3
619,BNP PARIBAS,2BNP
620,BNP PARIBAS,4BNP
621,BNP PARIBAS,1BNP
622,BNP PARIBAS ACT.A,BNP
623,BNP PARIBAS FORTIS,-
624,BOA CONCEPT,ALBOA
625,BODY ONE,MLONE
626,BOEING,2BA
627,BOEING,1BA
628,BOEING,4BA
629,BOIRON,BOI
630,BOIS DU LUC,-
631,BOIS DU LUC 10E,-
632,Boliden,1BOL
633,BOLLORE,2BOL
634,BOLLORE,BOL
635,BOLOGNAFIERE,BF
636,BONDUELLE,BON
637,BONHEUR,BONHR
638,BONYF,MLBON
639,BOOKING HOLDINGS,1BKNG
640,BOOKING HOLDINGS,4BKNG
641,BOOKING HOLDINGS,2BKNG
642,BOOSTHEAT,ALBOO
643,BOOZ ALLEN HAMILTO,1BAH
644,BORGESTAD,BOR
645,BORGOSESIA,BO
646,BorgWarner,1BWA
647,BORREGAARD,BRG
648,BORUSSIA DORTMUND,2BOD
649,BORUSSIA DORTMUND,1BOD
650,BOSTON SCIENTIFIC,4BSX
651,BOSTON SCIENTIFIC,2BSX
652,BOSTON SCIENTIFIC,1BSX
653,BOUFFIOULX-St-NICO,-
654,BOURRELIER GROUP,ALBOU
655,BOURSE DIRECT,BSD
656,BOUVET,BOUV
657,BOUYGUES,2EN
658,BOUYGUES,4EN
659,BOUYGUES,EN
660,BPER BANCA,2BPE
661,BPER BANCA,BPE
662,BPOST,BPOST
663,BQUE NAT. BELGIQUE,BNB
664,BRAGA MORO,BRM
665,BRAZE INC-A,1BRZE
666,BREDERODE,BREB
667,BREMBO,BRE
668,BRENNTAG,2BRE
669,BRENNTAG,1BRE
670,BRIDGEBIO PHARMA I,1BBIO
671,BRIGHTHOUSE FINANC,1BHF
672,BRINKER INTERNATIO,1EAT
673,BRIOSCHI,BRI
674,BRISTOL-MYERS SQ,1BMY
675,BRISTOL-MYERS SQ,4BMY
676,BRISTOL-MYERS SQ,2BMY
677,BROADCOM,4AVGO
678,BROADCOM,1AVGO
679,BROADCOM,2AVGO
680,BROADPEAK,ALBPK
681,Broadridge FS,1BR
682,Brown Brown,1BRO
683,Brown-Forman,1BFB
684,BRUKER CORP,1BRKR
685,BRUNEL INTERNAT,BRNL
686,BRUNELLO CUCINELLI,BC
687,BRUTON,BRUT
688,Builders FS,1BLDR
689,BUREAU VERITAS,BVI
690,BUREAU VERITAS,2BVI
691,BURELLE,BUR
692,BURLINGTON STORES,1BURL
693,BUZZI,2BZU
694,BUZZI,BZU
695,BW ENERGY LIMITED,BWE
696,BW LPG,BWLPG
697,BW OFFSHORE LTD,BWO
698,BYGGMA,BMA
699,C. LATTE D'ITALIA,CLI
700,C3.ai Inc,1C3
701,C3.ai Inc,2C3
702,CA Immobilien,1CAI
703,CA TOULOUSE 31 CCI,CAT31
704,CABASSE,ALCAB
705,CABKA,CABKA
706,CABKA DSC2 TS,DSC2S
707,CABKA EUR 12W,DSCW2
708,CABKA EUR 13W,DSCW3
709,CADELER,CADLR
710,Cadence Design,1CDNS
711,CAFOM,ALCAF
712,CAIRN HOMES PLC,C5H
713,CAIRO COMMUNICAT,CAI
714,CAIXABANK,2CABK
715,CAIXABANK,1CABK
716,CAIXABANK,4CABK
717,CAL-MAINE FOODS IN,1CALM
718,CALEFFI,CLF
719,CALIBRE,ALIBR
720,CALIBRE BSA K1,IBRK1
721,CALIBRE BSA K2A,IBRKA
722,CALIBRE BSA K2B,IBRKB
723,CALTAGIRONE,CALT
724,CALTAGIRONE EDIT,CED
725,CAMBI,CAMBI
726,CAMBODGE NOM.,CBDG
727,CAMPARI,2CPR
728,CAMPARI,CPR
729,CAMPINE,CAMB
730,CANDELA INVEST,CAND
731,CAPELLI,ALCAP
732,CAPGEMINI,4CAP
733,CAPGEMINI,CAP
734,CAPGEMINI,2CAP
735,CAPITAL B,ALCPB
736,CAPITAL B BSA 26,CPBBS
737,Capital One Fin,1COF
738,CAPSOL TECHNOLOGI,CAPSL
739,CARBIOS,ALCRB
740,Cardinal Health,1CAH
741,CARE PROPERTY INV.,CPINV
742,CAREL INDUSTRIES,CRL
743,CARL ZEISS MEDITEC,4AFX
744,CARL ZEISS MEDITEC,2AFX
745,CARL ZEISS MEDITEC,1AFX
746,CARLYLE GROUP,1CG
747,CARMAT,ALCAR
748,CARMILA,CARM
749,CARMILA,2CARM
750,CARREFOUR,2CA
751,CARREFOUR,4CA
752,CARREFOUR,CA
753,Carrier Global,1CARR
754,CARVANA CO,1CVNA
755,CASEY'S GENERAL ST,1CASY
756,CASINO BSA1,COBS1
757,CASINO BSA3,COBS3
758,CASINO GUICHARD,2CO
759,CASINO GUICHARD,CO
760,CASTA DIVA GROUP,CDG
761,Castellum,1CAST
762,CATANA GROUP,ALCAT
763,CATERING INTL SCES,ALCIS
764,CATERPILLAR,1CAT
765,CATERPILLAR,2CAT
766,CAVENDISH HYDROGEN,CAVEN
767,CBI,ALCBI
768,CBI BSA A,CBBSA
769,CBI BSA B,CBSAB
770,CBO TERRITORIA,CBOT
771,Cboe Global,1CBOE
772,CBRE Group Inc,1CBRE
773,CDW Corp/DE,1CDW
774,CECONOMY,1CEC
775,CECONOMY,4CEC
776,CECONOMY,2CEC
777,CEGEDIM,CGM
778,Celanese Corp,1CE
779,CELLECTIS,ALCLS
780,Cellnex Telecom,1CLNX
781,CELLULARLINE,CELL
782,CELYAD ONCOLOGY,CYAD
783,CEMBRE,CMB
784,CEMENTIR HOLDING,CEM
785,Cencora Inc,1COR
786,CENERGY,CENER
787,CENTENE,4CNC
788,CENTENE,1CNC
789,CENTENE,2CNC
790,CenterPoint En,1CNP
791,CERINNOV GROUP,ALPCV
792,CF Industries,1CF
793,CFE,CFEB
794,CFI,CFI
795,CFM INDOSUEZWEALTH,MLCFM
796,CH Robinson,1CHRW
797,CH.FER DEPARTEMENT,MLCFD
798,CHARB BONNIER,-
799,Charles River Lab,1CRL
800,Charles Schwab,1SCHW
801,CHARTER COMM,4CHTR
802,CHARTER COMM,2CHTR
803,CHARTER COMM,1CHTR
804,CHARWOOD ENERGY,ALCWE
805,CHAUSSERIA,CHSR
806,CHEESECAKE FACTORY,1CAKE
807,CHENIERE ENERGY IN,1LNG
808,CHEOPS TECHNOLOGY,MLCHE
809,CHEVRON,1CVX
810,CHEVRON,2CVX
811,CHEVRON,4CVX
812,CHOICE,MLTV
813,CHORD ENERGY CORP,1CHRD
814,CHRISTIAN DIOR,CDI
815,Chubb Ltd,1CB
816,Church & Dwight,1CHD
817,CHURCHILL DOWNS IN,1CHDN
818,CIBIX,-
819,CIBOX INTER A CTIV,ALCBX
820,CIE BOIS SAUVAGE,COMB
821,CIE DU MONT BLANC,MLCMB
822,Cie Financiere Ric,1CFR
823,Cie HET ZOUTE,-
824,CIECHARGEURSINVEST,CRI
825,CIENA,4CIEN
826,CIENA,2CIEN
827,CIENA,1CIEN
828,Cigna Group/The,1CI
829,Cincinnati Fin,1CINF
830,CIR,CIR
831,CIRCIO HOLDING,CRNA
832,CIRCLE,CIRC
833,CIRRUS LOGIC INC,1CRUS
834,CISCO SYSTEMS,4CSCO
835,CISCO SYSTEMS,1CSCO
836,CISCO SYSTEMS,2CSCO
837,CITIGROUP,2C
838,CITIGROUP,1C
839,CITIGROUP,4C
840,Citizens Fin,1CFG
841,CKV,-
842,CLABO,CLABO
843,CLARANOVA,CLA
844,CLARIANE,2CLARI
845,CLARIANE,CLARI
846,CLARIANT,1CLN
847,CLASS EDITORI,CLE
848,CLEANBNB,CBB
849,Cleanspark Inc,1CLSK
850,CLEVELAND-CLIFFS,4CVA
851,CLEVELAND-CLIFFS,2CVA
852,CLEVELAND-CLIFFS,1CVA
853,CLOUDBERRY CLEAN,CLOUD
854,CLOUDIA RESEARCH,AGAIN
855,CM.COM,CMCOM
856,CMB.TECH,CMBTO
857,CMB.TECH,CMBT
858,CME Group Inc,1CME
859,CMG CLEANTECH,MLCMG
860,CMS Energy Corp,1CMS
861,CNH INDUSTRIAL,2CNHI
862,CNH INDUSTRIAL,1CNHI
863,CO.BR.HA,COBH
864,COCA-COLA CONSOLID,1COKE
865,Coca-ColaEuropacif,CCEP
866,CODELAB CAPITAL,CODE
867,COEUR MINING,2CDE
868,COEUR MINING,4CDE
869,COEUR MINING,1CDE
870,COFACE,2COFA
871,COFACE,COFA
872,COFIDUR,ALCOF
873,COFINIMMO,COFB
874,COFINIMMO,2COFB
875,COFLE,CFL
876,COGEFEED,CGF
877,COGELEC,ALLEC
878,COGNEX CORP,1CGNX
879,Cognizant Tech,1CTSH
880,COGRA,ALCOG
881,COHERENT CORP,1COHR
882,COHERIS,COH
883,COIL,ALCOI
884,COINBASE GLOBAL,1COIN
885,COINBASE GLOBAL,2COIN
886,COINBASE GLOBAL,4COIN
887,COLGATE-PALMOLIVE,4CL
888,COLGATE-PALMOLIVE,2CL
889,COLGATE-PALMOLIVE,1CL
890,COLIPAYS,MLCLP
891,COLRUYT,COLR
892,COLUMBIA SPORTSWEA,1COLM
893,COM.TEL,CMTL
894,COMCAST,4CMCSA
895,COMCAST,2CMCSA
896,COMCAST,1CMCSA
897,COMER INDUSTRIES,COM
898,COMMERCIALE BELGE,-
899,COMMERZBANK,2CBK
900,COMMERZBANK,4CBK
901,COMMERZBANK,1CBK
902,COMPAGNIA  CARAIBI,TIME
903,COMPAGNIE ODET,ODET
904,Conagra Brands,1CAG
905,CONDOR TECHNOLOG,MLMFI
906,CONDURIL,CDU
907,CONFINVEST,CFV
908,CONFLUENT INC-CLAS,1CFLT
909,CONOCOPHILLIPS,2COP
910,CONOCOPHILLIPS,1COP
911,CONOCOPHILLIPS,4COP
912,CONSOLIDATED EDIS,2ED
913,CONSOLIDATED EDIS,4ED
914,CONSOLIDATED EDIS,1ED
915,CONSORT NT,MLCNT
916,CONSTELLATION BR,4STZ
917,CONSTELLATION BR,1STZ
918,CONSTELLATION BR,2STZ
919,Constellation En,1CEG
920,CONSTELLATION OIL,COSH
921,CONSTRUCTEURS BOIS,MLLCB
922,CONSTRUCTION PARTN,1ROAD
923,CONTEXTVISION,CONTX
924,CONTINENT. LAND CY,-
925,CONTINENTAL,2CON
926,CONTINENTAL,1CON
927,CONTINENTAL,4CON
928,CONVERGENZE,CVG
929,COOL COMPANY,CLCO
930,Cooper Cos,1COO
931,Copart Inc,1CPRT
932,COPERNICO,COP
933,CORBION,2CRBN
934,CORBION,CRBN
935,CORCEPT THERAP,1CORT
936,CORE SPAIN HOLDCO,MLCOE
937,COREP LIGHTING,MLCOR
938,CORESTATE CAPITAL,2CCAP
939,CORESTATE CAPITAL,1CCAP
940,CORETECH 5,MLCOT
941,CORNING,4GLW
942,CORNING,1GLW
943,CORNING,2GLW
944,Corpay Inc,1CPAY
945,Corteva Inc,1CTVA
946,CORTICEIRA AMORIM,COR
947,CoStar Group,4CSGP
948,CoStar Group,1CSGP
949,CoStar Group,2CSGP
950,COSTCO WHOLESALE,2COST
951,COSTCO WHOLESALE,4COST
952,COSTCO WHOLESALE,1COST
953,Coterra Energy,1CTRA
954,COTY,2COTY
955,COTY,COTY
956,COTY,1COTY
957,COURBET HERITAGE,MLCOU
958,COURTOIS,COUR
959,COVESTRO,11COV
960,COVESTRO,21COV
961,COVESTRO,41COV
962,COVIVIO,COV
963,COVIVIO,2COV
964,COVIVIO HOTELS,COVH
965,COVIVIO REIT,4COV
966,CP 76 PETROFINA,-
967,CP 79 PETROFINA,-
968,CPIEUROPE,1CPIE
969,CRCAM ALP.PROV.CCI,CRAP
970,CRCAM ATL.VEND.CCI,CRAV
971,CRCAM BRIE PIC2CCI,CRBP2
972,CRCAM ILLE-VIL.CCI,CIV
973,CRCAM LANGUED CCI,CRLA
974,CRCAM LOIRE HTE L.,CRLO
975,CRCAM MORBIHAN CCI,CMO
976,CRCAM NORD CCI,CNDF
977,CRCAM NORM.SEINE,CCN
978,CRCAM PARIS ET IDF,CAF
979,CRCAM SUD R.A.CCI,CRSU
980,CRCAM TOURAINE CCI,CRTO
981,CREACTIVES GROUP,CREG
982,CREDEM,CE
983,CREDIMO,-
984,CREDIMO HOLDING,-
985,CREDIT AGRICOLE,2ACA
986,CREDIT AGRICOLE,ACA
987,CREDIT AGRICOLE,4ACA
988,CREDIT AGRICOLE,1ACA
989,CRESCENT,OPTI
990,CRH PLC 5PCCumPref,DD8A
991,CROCS INC,1CROX
992,CROSSJECT,ALCJ
993,CROSSJECT BS27,CJBS
994,CROSSWOOD,CROS
995,CROWDFUNDME,CFM
996,Crowdstrike Hold,4CRWD
997,Crowdstrike Hold,1CRWD
998,Crowdstrike Hold,2CRWD
999,CS BRUX,-
1000,CSP INT IND CALZE,CSP
1001,CSX Corp,1CSX
1002,CTAC,CTAC
1003,CTP,2CTPNV
1004,CTP,CTPNV
1005,CTS Eventim,1EVD
1006,CTT CORREIOS PORT,2CTT
1007,CTT CORREIOS PORT,CTT
1008,CUBE LABS,CUBE
1009,CULTI MILANO,CULT
1010,Cummins Inc,1CMI
1011,CUMULEX,CLEX
1012,CUMULEX (ben/win),-
1013,CUREVAC,2CVAC
1014,CUREVAC,4CVAC
1015,CUREVAC,1CVAC
1016,CVC CAPITAL,CVC
1017,CVS HEALTH,1CVS
1018,CVS HEALTH,2CVS
1019,CVS HEALTH,4CVS
1020,CY4GATE,CY4
1021,CYBEROO,CYB
1022,CYTOKINETICS INC,1CYTK
1023,CYVIZ,CYVIZ
1024,D'AMICO,DIS
1025,D'IETEREN GROUP,2DIE
1026,D'IETEREN GROUP,DIE
1027,D-WAVE QUANTUM INC,1QBTS
1028,D.L.S.I.,ALDLS
1029,DAIMLER TRUCK HD,1DTRH
1030,DAIMLER TRUCK HD,2DTRH
1031,DALATA HOTEL GP.,DHG
1032,DAMARIS,MLDAM
1033,DAMARTEX,ALDAR
1034,DANAHER,1DHR
1035,DANAHER,2DHR
1036,DANAHER,4DHR
1037,DANIELI & C,DAN
1038,DANIELI & C RISP,DANR
1039,DANONE,2BN
1040,DANONE,BN
1041,DANONE,4BN
1042,Darden Restaurants,1DRI
1043,DASSAULT AVIATION,2AM
1044,DASSAULT AVIATION,AM
1045,DASSAULT SYSTEMES,4DSY
1046,DASSAULT SYSTEMES,DSY
1047,DASSAULT SYSTEMES,2DSY
1048,Datadog Inc,1DDOG
1049,DATALEX PLC,DLE
1050,DATALOGIC,DAL
1051,DATRIX,DATA
1052,DaVita Inc,1DVA
1053,Dayforce Inc,1DAY
1054,DBA GROUP,DBA
1055,DBT,ALDBT
1056,DBV TECHNOLOGIES,DBV
1057,DE'LONGHI,DLG
1058,DECEUNINCK,DECB
1059,Deckers Outdoor,1DECK
1060,DEDEM,DDM
1061,DEEP VALUE DRILLER,DVD
1062,DEERE & CO,1DE
1063,DEERE & CO,4DE
1064,DEERE&CO,2DE
1065,DEEZER,DEEZR
1066,DEEZER WARRANTS,DEEZW
1067,DEKUPLE,DKUPL
1068,DELFINGEN,ALDEL
1069,DELIVERY HERO,4DHER
1070,DELIVERY HERO,2DHER
1071,DELIVERY HERO,1DHER
1072,Dell Technologies,4DELL
1073,Dell Technologies,1DELL
1074,Dell Technologies,2DELL
1075,Delta Air Lines,1DAL
1076,DELTA PLUS GROUP,ALDLT
1077,DEME GROUP,DEME
1078,DENTSPLY SIRONA,1XRAY
1079,DENTSPLY SIRONA,2XRAY
1080,DENTSPLY SIRONA,4XRAY
1081,DEODATO.GALLERY,ART
1082,DERICHEBOURG,2DBG
1083,DERICHEBOURG,DBG
1084,DESERT CONTROL,DSRT
1085,DESTINATION ITALIA,DIT
1086,DEUTSCHE BANK,2DBK
1087,DEUTSCHE BANK,4DBK
1088,DEUTSCHE BANK,1DBK
1089,DEUTSCHE BOERSE,4DB1
1090,DEUTSCHE BOERSE,2DB1
1091,DEUTSCHE BOERSE,1DB1
1092,DEUTSCHE EUROSHOP,2DEQ
1093,DEUTSCHE EUROSHOP,1DEQ
1094,DEUTSCHE EUROSHOP,4DEQ
1095,DEUTSCHE LUFTHANSA,1LHA
1096,DEUTSCHE LUFTHANSA,4LHA
1097,DEUTSCHE LUFTHANSA,2LHA
1098,DEUTSCHE POST,2DHL
1099,DEUTSCHE POST,1DHL
1100,DEUTSCHE POST,4DHL
1101,DEUTSCHE ROHSTOFF,1DR
1102,DEUTSCHE ROHSTOFF,2DR
1103,DEUTSCHE ROHSTOFF,4DR
1104,DEUTSCHE TELEKOM,1DTE
1105,DEUTSCHE TELEKOM,2DTE
1106,DEUTSCHE TELEKOM,4DTE
1107,DEUTSCHE WOHNEN,1DWNI
1108,DEUTSCHE WOHNEN,2DWNI
1109,DEUTSCHE WOHNEN,4DWNI
1110,DEUTZ,4DEZ
1111,DEUTZ,1DEZ
1112,DEUTZ,2DEZ
1113,DEVERNOIS,ALDEV
1114,DEVON ENERGY,4DY6
1115,DEVON ENERGY,2DY6
1116,DEVON ENERGY,1DY6
1117,Dexcom Inc,1DXCM
1118,DEXELANCE,DEX
1119,DEXIA HOLDING,DEXB
1120,DGB GROUP N.V.,DGB
1121,DHH,DHH
1122,DIADEMA CAPITAL,DIAD
1123,DIAGNOSTIC MED BSA,DMSBS
1124,DIAGNOSTIC MEDICAL,ALDMS
1125,Diamondback Energy,1FANG
1126,DIASORIN,2DIA
1127,DIASORIN,DIA
1128,DICK'S SPORTING G,1DKS
1129,DIEGEM KENNEDYCERT,DIEG
1130,DIERK. ANTWERP.,-
1131,DIERKUNDE ANTW,-
1132,DIGITAL BROS,DIB
1133,DIGITAL TURBINE IN,1APPS
1134,DIGITAL VALUE,DGV
1135,DIGITOUCH,DGT
1136,DIRECTA SIM,D
1137,DIS ELET ADRIATICA,DEA
1138,DISTRI-LAND CERT,DISL
1139,DNB BANK,DNB
1140,DNO,DNO
1141,DNXCORP,ALDNX
1142,DO & CO AG,1DOC
1143,DOCK.PETR.AMBES AM,DPAM
1144,DOF GROUP,DOFG
1145,DOLFINES,ALDOL
1146,DOLLAR GENERAL,2DGX
1147,DOLLAR GENERAL,4DGX
1148,DOLLAR GENERAL,1DGX
1149,Dollar Tree Inc,1DLTR
1150,DOLPHIN DRILLING,DDRIL
1151,DOMINION ENERGY,2D
1152,DOMINION ENERGY,4D
1153,DOMINION ENERGY,1D
1154,Domino's Pizza,1DPZ
1155,DONEGAL INVESTMENT,DQ7A
1156,DONTNOD,ALDNE
1157,DOORDASH,1DASH
1158,DOORDASH,4DASH
1159,DOORDASH,2DASH
1160,DOTSTAY,DOT
1161,DOVALUE,DOV
1162,Dover Corp,1DOV
1163,DOW,1DOW
1164,DOW,2DOW
1165,DOW,4DOW
1166,DOXEE,DOX
1167,DR Horton Inc,1DHI
1168,DRAFTKINGS INC A,1DKNG
1169,DRONE VOLT,ALDRV
1170,DRONE VOLT BS26,BNBS
1171,DRONE VOLT BSA,DRVBS
1172,DRONE VOLT BSA,DRNBS
1173,DROPBOX INC-CLASS,1DBX
1174,DSM FIRMENICH AG,DSFIR
1175,DTE Energy Co,1DTEE
1176,Duke Energy Corp,1DUK
1177,DUPONT DE NEMOURS,2DD
1178,DUPONT DE NEMOURS,1DD
1179,DUPONT DE NEMOURS,4DD
1180,DURR,2DUE
1181,DURR,1DUE
1182,DURR,4DUE
1183,DYNAFOND,MLDYN
1184,DYNEX ENERGY SA,MLDYX
1185,E PANGO,ALAGO
1186,E-GLOBE,EGB
1187,E-NOVIA,E9IA
1188,E.ON,1EOAN
1189,E.ON,2EOAN
1190,E.ON,4EOAN
1191,E.P.H.,EPH
1192,EAGLEFOOTBALLGROUP,EFG
1193,EAM SOLAR,EAM
1194,EASE2PAY NV,EAS2P
1195,EASSON HOLDINGS,MLEAS
1196,Eastman Chemical,1EMN
1197,Eaton Corp PLC,1ETN
1198,EAUX DE ROYAN,MLEDR
1199,EAVS,MLEAV
1200,EBAY,2EBAY
1201,EBAY,1EBAY
1202,EBAY,4EBAY
1203,EBUSCO HOLDING,EBUS
1204,ECFC,-
1205,ECHOSTAR CORP-A,1SATS
1206,ECKERT & ZIEGLER,1EUZ
1207,ECKERT & ZIEGLER,4EUZ
1208,ECKERT&ZIEGLER,2EUZ
1209,ECOLAB,1ECL
1210,ECOLAB,4ECL
1211,ECOLAB,2ECL
1212,ECOLUTIONS,MLECO
1213,ECOMEMBRANE,ECMB
1214,ECOMIAM,ALECO
1215,ECONOCOM GROUP,ECONB
1216,ECOSLOPS,ALESA
1217,ECOSUNTEK,ECK
1218,EDENRED,2EDEN
1219,EDENRED,EDEN
1220,EDGELAB,ELB
1221,EDIL SAN FELICE,ESF
1222,EDILIZIACROBATICA,ALEAC
1223,EDILIZIACROBATICA,EDAC
1224,Edison Intern,1EIX
1225,EDISON R,EDNR
1226,EDITIONS DU SIGNE,MLEDS
1227,EDP,2EDP
1228,EDP,EDP
1229,EDP RENOVAVEIS,2EDPR
1230,EDP RENOVAVEIS,EDPR
1231,"EDP, SA",4EDP
1232,EDUFORM ACTION,MLEFA
1233,EDUNIVERSAL,MLEDU
1234,EDWARDS LIFESCIENC,4EW
1235,EDWARDS LIFESCIENC,2EW
1236,EDWARDS LIFESCIENC,1EW
1237,EEMS,EEMS
1238,EGIDE,ALGID
1239,EGIDE BSA,GIDBS
1240,EGOMNIA,EGN
1241,EIDESVIK OFFSHORE,EIOF
1242,EIFFAGE,2FGR
1243,EIFFAGE,FGR
1244,EKINOPS,EKI
1245,EKOPAK,EKOP
1246,EL.EN.,ELN
1247,ELEC.STRASBOURG,ELEC
1248,ELECT. MADAGASCAR,EEM
1249,Electrolux,1ELUX
1250,ELECTROMAGNET GEO,EMGS
1251,ELECTRONIC ARTS,4EA
1252,ELECTRONIC ARTS,2EA
1253,ELECTRONIC ARTS,1EA
1254,Elekta,1EKTA
1255,ELEKTROIMPORTØREN,ELIMP
1256,ELES,ELES
1257,ELEVANCE HEALTH,2ANTM
1258,ELEVANCE HEALTH,4ANTM
1259,ELEVANCE HEALTH,1ANTM
1260,ELI LILLY & COMP,4LLY
1261,ELI LILLY & COMP,1LLY
1262,ELI LILLY&COMP,2LLY
1263,ELIA GROUP,2ELI
1264,ELIA GROUP,ELI
1265,ELICA,ELC
1266,ELIGO,ELG
1267,ELIOR GROUP,ELIOR
1268,ELIOR GROUP,2ELIOR
1269,ELIS,ELIS
1270,ELIS,2ELIS
1271,Elisa Oyj,1ELIS
1272,ELIX,MLERH
1273,ELKEM,ELK
1274,ELLIPTIC LABORATOR,ELABS
1275,ELMERA GROUP,ELMRA
1276,ELOPAK,ELO
1277,ELSA SOLUTIONS,ELSA
1278,EMAK,EM
1279,EMBENTION,MLUAV
1280,EMD MUSIC,EMD
1281,EMEIS,EMEIS
1282,EMEIS,2EMEIS
1283,EMERSON ELECTRIC,1EMR
1284,EMERSON ELECTRIC,2EMR
1285,EMERSON ELECTRIC,4EMR
1286,EMMA VILLAS,EAV
1287,EMOVA GROUP,ALEMV
1288,EMOVA GROUP DS,ALEDS
1289,EMS-CHEMIE,1EMSN
1290,EMULATION,-
1291,ENA,ENA
1292,ENAGAS,2ENG
1293,ENAGAS,1ENG
1294,ENAGAS,4ENG
1295,ENAV,ENAV
1296,ENCRES DUBUIT,ALDUB
1297,ENDESA,1ELE
1298,ENDESA,2ELE
1299,ENDESA,4ELE
1300,ENDÚR,ENDUR
1301,ENEL,2ENEL
1302,ENEL,ENEL
1303,ENENSYS,ALNN6
1304,ENERGEIA,ENERG
1305,ENERGISME,ALNRG
1306,ENERGY,ENY
1307,ENERGY TIME,ET
1308,ENERGYVISION,ENRGY
1309,ENERTRONICA SANT,ENT
1310,ENERVIT,ENV
1311,ENGIE,2ENGI
1312,ENGIE,4ENGI
1313,ENGIE,ENGI
1314,ENGIE,1ENGI
1315,ENI,ENI
1316,ENI,2ENI
1317,ENOGIA,ALENO
1318,ENOVIX CORP,1ENVX
1319,Enphase Energy,1ENPH
1320,ENSIGN GROUP INC,1ENSG
1321,ENSURGE MICROPOWER,ENSU
1322,ENTECH,ALESE
1323,ENTEGRIS INC,1ENTG
1324,Entergy Corp,1ETR
1325,ENTRA,ENTRA
1326,ENTREPARTICULIERS,ALENT
1327,ENTREPRENDRE,ALENR
1328,ENVIPCO,ENVI
1329,ENVIPCO HOLDING,ENVIP
1330,EO2,ALEO2
1331,EOG Resources Inc,1EOG
1332,EPAM Systems Inc,1EPAM
1333,Epiroc,1EPIA
1334,EPRCOMUNICAZIONE,EPRB
1335,EQT AB,1EQT
1336,EQT Corp,1EQTC
1337,EQUASENS,EQS
1338,Equifax Inc,1EFX
1339,EQUINOR,EQNR
1340,EQUITA GROUP,EQUI
1341,EQUITY BCDC,-
1342,EQVA,EQVA
1343,ERAMET,2ERA
1344,ERAMET,ERA
1345,ERG,2ERG
1346,ERG,ERG
1347,ERICSSON - CLASS B,2ERICB
1348,ERICSSON - CLASS B,1ERICB
1349,ERICSSON - CLASS B,4ERICB
1350,Erie Indemnity Co,1ERIE
1351,ERREDUE,RDUE
1352,Erste Group Bank,4EBS
1353,Erste Group Bank,1EBS
1354,ESAUTOMOTION,ESAU
1355,ESI,ESIGM
1356,ESPE,ESPE
1357,ESPRINET,PRT
1358,ESSILORLUXOTTICA,2EL
1359,ESSILORLUXOTTICA,4EL
1360,ESSILORLUXOTTICA,EL
1361,ESSILORLUXOTTICA,1EL
1362,Essity,1ESSI
1363,ESSO,ES
1364,ESTEE LAUDER COMP,2ELX
1365,ESTEE LAUDER COMP,4ELX
1366,ESTEE LAUDER COMP,1ELX
1367,ESTORIL SOL N,ESON
1368,ESTRIMA,BIRO
1369,ETEX,-
1370,ETSY,2ETSY
1371,ETSY,4ETSY
1372,ETSY,1ETSY
1373,EUKEDOS,EUK
1374,EUPEN FINANZ,-
1375,EURASIA FONC INV,EFI
1376,EURASIA GROUPE,ALEUA
1377,EURAZEO,2RF
1378,EURAZEO,RF
1379,EUROAPI,2EAPI
1380,EUROAPI,EAPI
1381,EUROBIO-SCIENTIFIC,ALERS
1382,EUROCASTLE INVEST.,ECT
1383,EUROCOMMERCIAL,2ECMPA
1384,EUROCOMMERCIAL,ECMPA
1385,EUROCOMMERCIAL,ECMPM
1386,EUROFINS CEREP,ALECR
1387,EUROFINS SCIENT,4ERF
1388,EUROFINS SCIENT.,ERF
1389,EUROFINS SCIENT.,2ERF
1390,EUROGROUP LAM,EGLA
1391,EUROLAND CORPORATE,ALERO
1392,EUROLOG CANOLA,MLCAN
1393,EURONET WORLDWIDE,1EEFT
1394,EURONEXT,ENXP
1395,EURONEXT,2ENX
1396,EURONEXT,ENX
1397,EUROPACORP,ALECP
1398,European Medical S,ALEMS
1399,EUROPLASMA,ALEUP
1400,EUROPRIS,EPR
1401,EUROTECH,ETH
1402,EUTELSAT COMMUNIC.,ETL
1403,EUTELSAT COMMUNIC.,2ETL
1404,Everest Group Ltd,1EG
1405,EVERGREEN,EGR
1406,Evergy Inc,1EVRG
1407,EVERSOURCE ENERGY,1ES
1408,EVERSOURCE ENERGY,4ES
1409,EVERSOURCE ENERGY,2ES
1410,EVISO,EVISO
1411,EVN AG,1EVN
1412,Evolution AB,1EVO
1413,EVONIK INDUSTRIES,1EVK
1414,EVONIK INDUSTRIES,4EVK
1415,EVONIK INDUSTRIES,2EVK
1416,EVOTEC,1EVT
1417,EVOTEC,2EVT
1418,EVOTEC,4EVT
1419,EVS BROADC.EQUIPM.,EVS
1420,EXACOMPTA CLAIREF.,ALEXA
1421,EXACT SCIENCES COR,1EXAS
1422,EXACT THERAPEUTICS,EXTX
1423,EXAIL TECHNOLOGIES,EXA
1424,EXECUS,EXEC
1425,EXEL INDUSTRIES,EXE
1426,EXELIXIS INC,1EXEL
1427,EXELON,4EXC
1428,EXELON,2EXC
1429,EXELON,1EXC
1430,EXLSERVICE HOLDING,1EXLS
1431,EXMAR,EXM
1432,EXOR NV,2EXO
1433,EXOR NV,EXO
1434,EXOSENS,EXENS
1435,EXPAND ENERGY CORP,1EXE
1436,EXPEDIA GROUP,2EXPE
1437,EXPEDIA GROUP,1EXPE
1438,EXPEDIA GROUP,4EXPE
1439,Expeditors Inter,1EXPD
1440,EXPERT.AI,EXAI
1441,EXPLOSIFS PROD.CHI,EXPL
1442,EXXON MOBIL,2XOM
1443,EXXON MOBIL,4XOM
1444,EXXON MOBIL,1XOM
1445,F5 Inc,1FFIV
1446,FABRINET,1FN
1447,FACEPHI,ALPHI
1448,FactSet Research,1FDS
1449,FAE TECHNOLOGY,FAE
1450,FAGRON,FAGR
1451,FAGRON,2FAGR
1452,FAIFEY INVEST,MLECE
1453,Fair Isaac Corp,1FICO
1454,FARMACOSMO,COSMO
1455,FARMINVESTE,MLFMV
1456,FASHION B AIR,ALFBA
1457,Fastenal Co,1FAST
1458,Fastighets Balder,1BALD
1459,FASTNED,FAST
1460,FBD HOLDINGS PLC,EG7
1461,FD,MLFDV
1462,FDJ UNITED,FDJU
1463,FDJ UNITED,2FDJU
1464,FEDEX,2FDX
1465,FEDEX,4FDX
1466,FEDEX,1FDX
1467,FERM.CAS.MUN.CANNE,FCMC
1468,FERMENTALG,ALGAE
1469,FERRARI,RACE
1470,FERRARI,2RACE
1471,FERRARI GROUP,FERGR
1472,FERRETTI,YACHT
1473,FERROVIAL,FER
1474,FERVI,FVI
1475,FI BELGO-TUNISIENN,-
1476,Fidelity National,1FIS
1477,FIDIA,FDA
1478,FIDUCIAL OFF.SOL.,SACI
1479,FIDUCIAL REAL EST.,ORIA
1480,FIERA MILANO,FM
1481,Fifth Third Banc,1FTHB
1482,FIGEAC AERO,FGA
1483,FILA,FILA
1484,FILL UP MEDIA,ALFUM
1485,FIMMOBEL,-
1486,FIN.OUEST AFRICAIN,FOAF
1487,Financiere,1TUB
1488,FINANCIERE MARJOS,FINM
1489,FINANZA.TECH,FTC
1490,FINASUCRE,-
1491,FINAXO,MLFXO
1492,FINCANTIERI,FCT
1493,FINE FOODS & PHARM,FF
1494,FINECOBANK,FBK
1495,FINECOBANK,2FBK
1496,FIPP,FIPP
1497,FIRST CAPITAL,FIC
1498,FIRST CITIZENS BAN,1FCNC
1499,FIRST SOLAR,2FSLR
1500,FIRST SOLAR,4FSLR
1501,FIRST SOLAR,1FSLR
1502,FIRSTCAUTION,MLFIR
1503,FirstEnergy Corp,1FEU
1504,FISERV,2FISV
1505,FISERV,4FISV
1506,FISERV,1FISV
1507,FIVE BELOW,1FIVE
1508,FIVE9 INC,1FIVN
1509,FJORD DEFENCE GR,DFENS
1510,FLEKKEFJORD SPAREB,FFSB
1511,FLEURY MICHON,ALFLE
1512,FLEX LNG,FLNG
1513,FLEXDEAL,FLEXD
1514,FLORENTAISE,ALFLO
1515,FLORIDIENNE,FLOB
1516,FLOW TRADERS,FLOW
1517,FLOWSPARKS,FLSP
1518,FLUENCE ENERGY INC,1FLNC
1519,FLUGHAFEN ZUERICH,1FHZN
1520,Fluidra SA,1FDR
1521,FLUXYS BELGIUM D,FLUX
1522,FMC Corp,1FMC
1523,FNAC DARTY,2FNAC
1524,FNAC DARTY,FNAC
1525,FNM,FNM
1526,FNPTECHNOLOGIESSA,MLFNP
1527,FONCIERE 7 INVEST,LEBL
1528,FONCIERE INEA,INEA
1529,FONCIERE LYONNAISE,FLY
1530,FONCIERE VINDI,MLVIN
1531,FONCIERE VOLTA,SPEL
1532,FOPE,FPE
1533,FORD MOTOR,1F
1534,FORD MOTOR,2F
1535,FORD MOTOR,4F
1536,FORESTIERE EQUAT.,FORE
1537,FORFARMERS,FFARM
1538,FORSEE POWER,FORSE
1539,Fortinet Inc,1FTNT
1540,Fortive Corp,1FTV
1541,FORTUM,2FORT
1542,FORTUM,1FORT
1543,FORTUM,4FORT
1544,FORVIA,2FRVIA
1545,FORVIA,4FRVIA
1546,FORVIA,FRVIA
1547,FORVIA,1FRVIA
1548,FOUNTAIN,FOU
1549,FOUNTAINE PAJOT,ALFPC
1550,Fox Corp,1FOX
1551,Fox Corp,1FOXA
1552,FOYER,-
1553,FRANCAISE ENERGIE,FDE
1554,FRANCE TOURISME,MLFTI
1555,FRANCHETTI,FCH
1556,FRANCHI UMB MARMI,FUM
1557,Franklin,1BEN
1558,FRAPORT,1FRA
1559,FRAPORT,4FRA
1560,FRAPORT,2FRA
1561,FREELANCE.COM,ALFRE
1562,Freenet AG,1FNTN
1563,FREEPORT-MCMORAN,2FCX
1564,FREEPORT-MCMORAN,1FCX
1565,FREEPORT-MCMORAN,4FCX
1566,FRENDY ENERGY,FRE
1567,FRESENIUS,2FRE
1568,FRESENIUS,4FRE
1569,FRESENIUS,1FRE
1570,FRESENIUS MED CARE,2FME
1571,FRESENIUS MED CARE,4FME
1572,FRESENIUS MED CARE,1FME
1573,FRESHPET INC,1FRPT
1574,FRESHWORKS INC-CL,1FRSH
1575,FREY,FREY
1576,FRIENDS,AMI
1577,FRONTLINE,FRO
1578,FSDV,FSDV
1579,FUCHS SE,1FPE
1580,FUELCELL ENERGY,2FEY2
1581,FUELCELL ENERGY,4FEY2
1582,FUELCELL ENERGY,1FEY2
1583,FUGRO,2FUR
1584,FUGRO,FUR
1585,FUT.CLUBE PORTO,FCP
1586,G.A.I.,MLGAI
1587,G.M. LEATHER,GML
1588,GABETTI,GAB
1589,GALAPAGOS,2GLPG
1590,GALAPAGOS,4GLPG
1591,GALAPAGOS,GLPG
1592,Galderma Group,1GALD
1593,GALENICA,1GALE
1594,GALEO,MLGAL
1595,GALP ENERGIA-NOM,GALP
1596,GALP ENERGIA-NOM,2GALP
1597,GAMBERO ROSSO,GAMB
1598,GAMESTOP CORP,1GME
1599,GAMESTOP CORP,2GME
1600,Garmin Ltd,1GRMN
1601,GAROF HEALTH CARE,GHC
1602,Gartner Inc,1IT
1603,GAS PLUS,GSP
1604,GASCOGNE,ALBI
1605,GAUMONT,GAM
1606,GBL,2GBLB
1607,GBL,GBLB
1608,GE AEROSPACE,2GE
1609,GE AEROSPACE,1GE
1610,GE HealthCare T,1GEHC
1611,GE Vernova Inc,1GEV
1612,GEA GRENOBL.ELECT.,GEA
1613,GEA GROUP,4G
1614,GEA GROUP,2GG
1615,GEA GROUP,1G
1616,Geberit,1GEBN
1617,GECI INTL,ALGEC
1618,GECINA,GFC
1619,GECINA,2GFC
1620,GEFRAN,GE
1621,GEL,GEL
1622,GEN BELGE ARGENTIN,-
1623,GEN DIGITAL,1NLOK
1624,GEN DIGITAL,2NLOK
1625,GEN DIGITAL,4NLOK
1626,Generac Hold,1GNRC
1627,GENERAL DYNAMICS,1GD
1628,GENERAL DYNAMICS,2GD
1629,GENERAL DYNAMICS,4GD
1630,General Mills Inc,1GIS
1631,GENERAL MOTORS,2GM
1632,GENERAL MOTORS,1GM
1633,GENERAL MOTORS,4GM
1634,GENERALFINANCE,GF
1635,GENERALI,2G
1636,GENERALI,G
1637,GENESIS,MLGNS
1638,GENEURO,GNRO
1639,GENFIT,GNFT
1640,GENOWAY,ALGEN
1641,GENSIGHT BIOLOGICS,SIGHT
1642,GENSIGHT BSA,SIGBS
1643,GENTEX CORP,1GNTX
1644,GENTIAN DIAGNOSTIC,GENT
1645,GENTILI MOSCONI,GM
1646,GENTLEMENS EQUITY,MLGEQ
1647,Genuine Parts Co,1GPC
1648,GEORG FISCHER,1GF
1649,GEOX,GEO
1650,GERON CORP,1GERN
1651,Gerresheimer,1GXI
1652,Getinge AB,1GETI
1653,GETLINK SE,2GET
1654,GETLINK SE,GET
1655,GEVELOT,ALGEV
1656,GIG,CABLE
1657,GIGANTE SALMON,GIGA
1658,GIGLIO GROUP,GG
1659,GIGLIO.COM,GCOM
1660,GILEAD SCIENCES,4GILD
1661,GILEAD SCIENCES,1GILD
1662,GILEAD SCIENCES,2GILD
1663,GIMV,GIMB
1664,GIOCAMONDO STUDY,GMS
1665,GISMONDI 1754,GIS
1666,GITLAB INC-CL A,1GTLB
1667,Givaudan,1GIVN
1668,GJENSIDIGE FORSIKR,GJF
1669,GL EVENTS,GLO
1670,GLANBIA PLC,GL9
1671,GLASS TO POWER,MLGL
1672,GLENCORE,4GLEN
1673,GLENVEAGH PROP.PLC,GVR
1674,GLINTT,GLINT
1675,GLOBAL BIOENERGIES,ALGBE
1676,GLOBAL PAYMENTS,1GPN
1677,GLOBAL PAYMENTS,4GPN
1678,GLOBAL PAYMENTS,2GPN
1679,GLOBAL PIELAGO,MLNDG
1680,GLOBALFOUNDRIES,1GFS
1681,GoDaddy Inc,1GDDY
1682,GOLD BY GOLD,ALGLD
1683,GOLDEN ENERGY OFF,GEOS
1684,GOLDEN OCEAN GROUP,GOGL
1685,GOLDMAN SACHS GR,2GSG
1686,GOLDMAN SACHS GR,4GS
1687,GOLDMAN SACHS GR,1GS
1688,GOODTECH,GOD
1689,GOODYEAR TIRE & RU,1GT
1690,GOPRO - CLASSE A,2GPRO
1691,GOPRO - CLASSE A,1GPRO
1692,GOPRO - CLASSE A,4GPRO
1693,GOSSON KESSALES,-
1694,GPE GROUP PIZZORNO,GPE
1695,GPI,GPI
1696,GRAINES VOLTZ,GRVO
1697,GREAT WESTERN MIN.,8GW
1698,GREEN MINERALS,GEM
1699,GREEN OLEO,GRN
1700,GREENCOAT REN.,GRP
1701,GREENYARD,GREEN
1702,GRIEG SEAFOOD,GSF
1703,GRIFAL,GRAL
1704,Grifols,1GRF
1705,Grifols,4GRF
1706,GROLLEAU,ALGRO
1707,GRONG SPAREBANK,GRONG
1708,GROTTES DE HAN,-
1709,GROUPE CARNIVOR,MLGRC
1710,GROUPE CRIT,CEN
1711,GROUPE ETPO,INFE
1712,GROUPE GUILLIN,ALGIL
1713,GROUPE JAJ,GJAJ
1714,GROUPE JOSI,-
1715,GROUPE LDLC,ALLDL
1716,GROUPE OKWIND,ALOKW
1717,GROUPE PARTOUCHE,PARP
1718,GROUPE PLUS-VALUES,MLPVG
1719,GROUPE SFPI,SFPI
1720,GROUPE TERA,ALGTR
1721,GROUPIMO,ALIMO
1722,GROWENS,GROW
1723,GROWNERS,-
1724,GT TALENT GROUP,GT
1725,GTT,2GTT
1726,GTT,GTT
1727,GUARDANT HEALTH IN,1GH
1728,GUERBET,GBT
1729,GUIDEWIRE SOFTWARE,1GWRE
1730,GUILLEMOT,GUI
1731,GVS,GVS
1732,GYLDENDAL,GYL
1733,H-FARM,FARM
1734,HAFFNER ENERGY,ALHAF
1735,HAFFNER ENERGY BSA,HAFBS
1736,HAFNIA LIMITED,HAFNI
1737,HAIKI+,HIK
1738,HAL TRUST,HAL
1739,HALLIBURTON,4HAL
1740,HALLIBURTON,2HAL
1741,HALLIBURTON,1HAL
1742,HALOZYME THERAPEUT,1HALO
1743,HAMILTON GLOBAL OP,ALHGO
1744,HAMILTON LANE INC-,1HLNE
1745,HAMMERSON PLC,HMSO
1746,HANNOVER RUCK,2HANN
1747,HANNOVER RUCK,1HANN
1748,HAPAG-LLOYD,1HLAG
1749,HAPAG-LLOYD,2HLAG
1750,HAPAG-LLOYD,4HLAG
1751,HARLEY-DAVIDSON,1HOG
1752,HARLEY-DAVIDSON,2HOG
1753,HARLEY-DAVIDSON,4HOG
1754,Hartford Finan,1HIG
1755,HASBRO,2HAS
1756,HASBRO,4HAS
1757,HASBRO,1HAS
1758,HAUGESUND SPB,HGSB
1759,HAULOTTE GROUP,PIG
1760,HAV GROUP,HAV
1761,HAVAS,HAVAS
1762,HAVILA KYSTRUTEN,HKY
1763,HAVILA SHIPPING,HAVI
1764,HAWICK DATA NV,HWK
1765,HCA-HEALTHCARE,1HCA
1766,HCA-HEALTHCARE,2HCA
1767,HCA-HEALTHCARE,4HCA
1768,HDF,HDF
1769,HEALTH ITALIA,HI
1770,HEALTHCARE ACTIVOS,MLHAY
1771,HEALTHEQUITY INC,1HQY
1772,HECLA MINING,2HL
1773,HECLA MINING,4HL
1774,HECLA MINING,1HL
1775,HEIDELBERG MAT,4HEI
1776,HEIDELBERG MAT,1HEI
1777,HEIDELBERG MAT,2HEI
1778,HEIJMANS KON,HEIJM
1779,HEINEKEN,4HEIA
1780,HEINEKEN,2HEIA
1781,HEINEKEN,HEIA
1782,HEINEKEN HOLDING,HEIO
1783,Hella KGaA,1HLE
1784,HELLOFRESH,4HFG
1785,HELLOFRESH,1HFG
1786,HELLOFRESH,2HFG
1787,HELVETIA HOLDING,1HELN
1788,Hemnet Group,1HEM
1789,HENKEL,4HEN
1790,HENKEL,1HEN
1791,HENKEL,2HEN
1792,HENKEL VZ,4HEN3
1793,HENKEL VZ,2HEN3
1794,HENKEL VZ,1HEN3
1795,Hennes & Mauritz,1HMB
1796,Henry Schein Inc,1HSIC
1797,HENSOLDT,2HENS
1798,HENSOLDT,1HENS
1799,HERA,HER
1800,HERA,2HER
1801,HERIGE,ALHRG
1802,HERMANA HOLDING,HERMA
1803,HERMES INTERN,4RMS
1804,HERMES INTL,2RMS
1805,HERMES INTL,RMS
1806,Hershey Co/The,1HSY
1807,HEWLETT PACKARD EN,4HPE
1808,HEWLETT PACKARD EN,1HPE
1809,HEWLETT PACKARD EN,2HPE
1810,Hexagon AB,1HEXA
1811,HEXAGON COMPOSITES,HEX
1812,HEXAGON PURUS,HPUR
1813,HEXAOM,ALHEX
1814,Hexpol,1HPOL
1815,HF COMPANY,ALHF
1816,HHLA,4HHFA
1817,HIAB CORPORATION,1HIAB
1818,HIGH CO,HCO
1819,HIGH QUALITY FOOD,HQF
1820,HILTON WORLDWIDE H,2HLT
1821,HILTON WORLDWIDE H,4HLT
1822,HILTON WORLDWIDE H,1HLT
1823,HIMALAYA SHIPPING,HSHP
1824,HIPAY GROUP,ALHYP
1825,HITECHPROS,ALHIT
1826,HK,MLHK
1827,HOCHE BAINS L.BAIN,MLHBB
1828,HOCHTIEF,4HOT
1829,HOCHTIEF,1HOT
1830,HOCHTIEF,2HOT
1831,HOFFMANN,ALHGR
1832,HOFSETH BIOCARE,HBC
1833,Holcim,1HOLN
1834,HOLLAND COLOURS,HOLCO
1835,Holmen,1HOLM
1836,Hologic Inc,1HOLX
1837,HOME CONCEPT,MLHCF
1838,HOME DEPOT,1HD
1839,HOME DEPOT,2HD
1840,HOME DEPOT,4HD
1841,HOME INVEST BE.,HOMI
1842,HOMIZY,HZY
1843,HONEYWELL INTERN,4HON
1844,HONEYWELL INTERN,1HON
1845,HONEYWELL INTERN,2HON
1846,HOPENING,MLHPE
1847,HOPIUM,ALHPI
1848,HOPSCOTCH GROUPE,ALHOP
1849,HORISONT ENERGI,HRGI
1850,Hormel Foods Corp,1HRL
1851,HOSTELWORLD GROUP,HSW
1852,HOT.MAJESTIC CANNE,MLHMC
1853,HOTELES BESTPRICE,MLHBP
1854,HOTELIM,MLHOT
1855,HOTELS DE PARIS,HDP
1856,HOTL.IMMOB.NICE,MLHIN
1857,Howmet Aerospace,1HWM
1858,HP,2HPQ
1859,HP,4HPQ
1860,HP,1HPQ
1861,Hubbell Inc,1HUBB
1862,HUBSPOT INC,1HUBS
1863,HUDDLESTOCK FINTEC,HUDL
1864,HUDDLY,HDLY
1865,HUGO BOSS,4BOSS
1866,HUGO BOSS,2BOSS
1867,HUGO BOSS,1BOSS
1868,Huhtamaki Oyj,1HUH
1869,Humana Inc,1HUM
1870,HUNTER GROUP,HUNT
1871,HUNTINGTON BANCSH,2HU3
1872,HUNTINGTON BANCSH,1HU3
1873,HUNTINGTON BANCSH,4HU3
1874,Huntington Ing,1HII
1875,HUNYVERS,ALHUN
1876,Husqvarna,1HUSQ
1877,HUT 8 CORP. O.N.,2HUT
1878,HUT 8 CORP. O.N.,1HUT
1879,HYATT HOTELS CORP,1HUS
1880,HYBRID SOFTWARE GR,HYSG
1881,HYDRATEC,HYDRA
1882,HYDRAULIQUEHOLDING,MLHYD
1883,HYDRO-EXPLOIT.,MLHYE
1884,HYDROGEN REFUELING,ALHRS
1885,HYDROGENPRO,HYPRO
1886,HYLORIS,HYL
1887,HYNION,HYN
1888,Hypoport SE,1HYQ
1889,HÖEGH AUTOLINERS,HAUTO
1890,HØLAND OG SETSKOG,HSPG
1891,I GRANDI VIAGGI,IGV
1892,I.CO.P.,ICOP
1893,I.M.D.,IMD
1894,I2S,ALI2S
1895,IAC INC,1IAC
1896,IANTE INVESTMENTS,MLINT
1897,IBA,IBAB
1898,IBERDROLA,1IBE
1899,IBERDROLA,4IBE
1900,IBERDROLA,2IBE
1901,"IBERSOL,SGPS",IBS
1902,IBM,2IBM
1903,IBM,1IBM
1904,IBM,4IBM
1905,ICADE,2ICAD
1906,ICADE,ICAD
1907,ICAPE HOLDING,ALICA
1908,ICELANDIC SALMON,ISLAX
1909,ID LOGISTICS GROUP,IDL
1910,IDEX BIOMETRICS,IDEX
1911,IDEX Corp,1IEX
1912,IDEXX Lab,1IDXX
1913,IDI,IDIP
1914,IDNTT,IDNTT
1915,IDS,MLIDS
1916,IEP INVEST,IEP
1917,IES HOLDINGS INC,1IESC
1918,IGD,IGD
1919,IGIS NEPTUNE,MLABC
1920,IKONISYS,ALIKO
1921,ILLA,ILLA
1922,ILLIMITY BANK,ILTY
1923,Illinois Tool W,1ITW
1924,ILLUMINA,4ILMN
1925,ILLUMINA,2ILMN
1926,ILLUMINA,1ILMN
1927,ILPRA,ILP
1928,IMALLIANCE,MLIML
1929,IMBAKIN HOLDING,-
1930,IMCD,IMCD
1931,IMCD,2IMCD
1932,IMEON ENERGY,MLIME
1933,IMERYS,2NK
1934,IMERYS,NK
1935,IMM.PARIS.PERLE,MLIPP
1936,IMMAGRIFOR,-
1937,IMMERSION,ALIMR
1938,IMMO MCC,MCC
1939,IMMO MOURY,IMMOU
1940,IMMOB.DASSAULT,IMDA
1941,IMMOBEL,IMMO
1942,IMMSI,IMS
1943,IMOB.C GRAO PARA,GPA
1944,IMPIANTI,MPT
1945,IMPINJ INC,1PI
1946,IMPLANET,ALIMP
1947,"IMPRESA,SGPS",IPR
1948,IMPRIMERIE CHIRAT,MLIMP
1949,IMPULSE FITNESS,MLIFS
1950,INCLUSIO SA/NV,INCLU
1951,INCYTE,2INCY
1952,INCYTE,4INCY
1953,INCYTE,1INCY
1954,IND CHIMICHE FORES,ICF
1955,INDEL B,INDB
1956,INDITEX,1ITX
1957,INDITEX,2ITX
1958,INDITEX,4ITX
1959,Indra Sistemas,1IDR
1960,INDUCT,INDCT
1961,INDUS HOLDING,2INH
1962,INDUS HOLDING,4INH
1963,INDUS HOLDING,1INH
1964,INDUSTRIE DE NORA,DNR
1965,Industrivarden,1INDU
1966,Indutrade,1INDT
1967,INFINEON TECHNOLOG,2IFX
1968,INFINEON TECHNOLOG,4IFX
1969,INFINEON TECHNOLOG,1IFX
1970,INFOCLIP,MLIFC
1971,INFOTEL,INF
1972,INFRABEL,-
1973,ING GROEP,4INGA
1974,ING GROEP,2INGA
1975,ING GROEP,1INGA
1976,ING GROEP N.V.,INGA
1977,INIFY LABORATORIES,INIFY
1978,ININ GROUP,ININ
1979,INIZIAT BRESCIANE,IB
1980,INMARK,MLINM
1981,Inmobiliaria,1COL
1982,INMOLECULE,MLINA
1983,INMOSUPA,MLISP
1984,INNATE PHARMA,4IPH
1985,INNATE PHARMA,IPH
1986,INNELEC MULTIMEDIA,ALINN
1987,INNODATA INC,1INOD
1988,INNOVATEC,INC
1989,INNOVATIVE RFK SPA,MLIRF
1990,INPOST,2INPST
1991,INPOST,INPST
1992,INSIGHT ENTERPRISE,1NSIT
1993,INSMED INC,1INSM
1994,INSTABANK,INSTA
1995,INSTALLUX,ALLUX
1996,Insulet Corp,1PODD
1997,INTEGRAGEN,ALINT
1998,INTEGRATED WIND SO,IWS
1999,INTEGRITAS VIAGER,MLVIE
2000,INTEL,1INTC
2001,INTEL,4INTC
2002,INTEL,2INTC
2003,Interactive,1IBKR
2004,Intercontinental,1ICE
2005,INTERCOS,ICOS
2006,INTERDIGITAL INC,1IDCC
2007,INTERNAT CARE COMP,ICC
2008,INTERNATIONAL C A,4IAG
2009,INTERNATIONAL C A,1IAG
2010,INTERNATIONAL C A,2IAG
2011,International F&F,1IFF
2012,International P,1IP
2013,INTEROIL EXPL PROD,IOX
2014,INTERPARFUMS,2ITP
2015,INTERPARFUMS,ITP
2016,Interpublic,1IPG
2017,INTERPUMP GROUP,2IP
2018,INTERPUMP GROUP,IP
2019,INTESA SANPAOLO,2ISP
2020,INTESA SANPAOLO,ISP
2021,INTEXA,ITXT
2022,INTRASENSE,ALINS
2023,INTRED,ITD
2024,INTUIT,2INTU
2025,INTUIT,4INTU
2026,INTUIT,1INTU
2027,INTUITIVE SURGICAL,4ISRG
2028,INTUITIVE SURGICAL,1ISRG
2029,INTUITIVE SURGICAL,2ISRG
2030,INVENTIVA,IVA
2031,Invesco Ltd,1IVZ
2032,Investment Lat,1LATO
2033,INVESTOR AB CLASS,1INVEB
2034,INVESTOR AB CLASS,2INVEB
2035,INVESTOR AB CLASS,4INVEB
2036,INVIBES ADVERTSING,ALINV
2037,INWIT,2INW
2038,INWIT,INW
2039,IONIS PHARMACEUTIC,1IONS
2040,IOVANCE BIOTHERAPE,1IOVA
2041,IPOSA PROPERTIES,MLIPO
2042,IPSEN,2IPN
2043,IPSEN,IPN
2044,IPSOS,2IPS
2045,IPSOS,IPS
2046,IQVIA H,1IQV
2047,IRCE,IRC
2048,IREN,IRE
2049,IRHYTHM TECHNOLOGI,1IRTC
2050,IRIDIUM COMMUNICAT,1IRDM
2051,IRISH CONT. GP.,IR5B
2052,IRISH RES. PROP.,IRES
2053,IROBOT,2IRBT
2054,IROBOT,4IRBT
2055,IROBOT,1IRBT
2056,ISCC FINTECH,ISC
2057,ISPD,ALISP
2058,IT LINK,ALITL
2059,IT WAY,ITW
2060,ITALGAS,IG
2061,ITALGAS,2IG
2062,ITALIAN EXHIBITION,IEG
2063,ITALIAN WINE BRAND,IWB
2064,ITALMOBILIARE,ITM
2065,ITALY INNOVAZIONI,MLITN
2066,ITERA,ITERA
2067,ITRON INC,1ITRI
2068,IVECO GROUP,2IVG
2069,IVECO GROUP,IVG
2070,IVISION TECH,IVN
2071,J M Smucker,1SJM
2072,"J.MARTINS,SGPS",JMT
2073,"J.MARTINS,SGPS",2JMT
2074,J.P. MORGAN CHASE,1JPM
2075,J.P. MORGAN CHASE,2JPMC
2076,J.P. MORGAN CHASE,4JPM
2077,Jabil Inc,1JBL
2078,Jack Henry & Ass,1JKHY
2079,JACQUES BOGART,JBOG
2080,JACQUET METALS,JCQ
2081,JAZZ PHARMACEUTICA,1JAZZ
2082,JB Hunt Transport,1JBHT
2083,JCDECAUX,2DEC
2084,JCDECAUX,DEC
2085,JDE PEET'S,2JDEP
2086,JDE PEET'S,JDEP
2087,JENOPTIK,2JEN
2088,JENOPTIK,1JEN
2089,JENOPTIK,4JEN
2090,JENSEN-GROUP,JEN
2091,JETBLUE AIRWAYS,1JAM
2092,JETBLUE AIRWAYS,2JAM
2093,JETBLUE AIRWAYS,4JAM
2094,JINHUI SHIPP TRANS,JIN
2095,JOHNSON & JOHNSON,4JNJ
2096,JOHNSON & JOHNSON,1JNJ
2097,Johnson Controls,1JCI
2098,JOHNSON&JOHNSON,2JNJ
2099,JULIUS BAER,1BAER
2100,Jungheinrich AG,1JUN
2101,JUNGLE21,MLJ21
2102,JUST EAT TAKEAWAY,4TKWY
2103,JUST EAT TAKEAWAY,TKWY
2104,JUST EAT TAKEAWAY,2TKWY
2105,JUVENTUS FC,JUVE
2106,JÆREN SPAREBANK,JAREN
2107,K+S,1SDF
2108,K+S,2SDF
2109,K+S,4SDF
2110,KABELWERK EUPEN,-
2111,KALDVIK,KLDVK
2112,KALRAY,ALKAL
2113,KAUFMAN ET BROAD,KOF
2114,KBC,2KBC
2115,KBC,KBC
2116,KBC ANCORA,KBCA
2117,KBL EPB - ORD,-
2118,KBL EPB - PRIV,-
2119,KELLANOVA,2K
2120,KELLANOVA,1K
2121,KELLANOVA,4K
2122,Kemira Oyj,1KEMI
2123,KENDRION,KENDR
2124,KENMARE RESOURCES,KMR
2125,Kenvue Inc,1KVUE
2126,KERING,1KER
2127,KERING,4KER
2128,KERING,KER
2129,KERING,2KER
2130,KERLINK,ALKLK
2131,KERRY GROUP PLC,KRZ
2132,Kesko Oyj,1KESK
2133,KEURIG DR PEPPER,2KDP
2134,KEURIG DR PEPPER,1KDP
2135,KEURIG DR PEPPER,4KDP
2136,KeyCorp,1KEY
2137,KEYRUS,ALKEY
2138,Keysight Tech,1KEYS
2139,KEYWARE TECH.,KEYW
2140,KID,KID
2141,Kimberly-Clark,1KMB
2142,Kinder Morgan Inc,1KMI
2143,KINEPOLIS GROUP,KIN
2144,KINGSPAN GROUP PLC,KRX
2145,Kinnevik AB,1KINV
2146,KION GROUP,2KGX
2147,KION GROUP,4KGX
2148,KION GROUP,1KGX
2149,KITRON,KIT
2150,KKO INTERNATIONAL,ALKKO
2151,KKR & Co Inc,1KKR
2152,KLA-TENCOR,4KLAC
2153,KLA-TENCOR,2KLAC
2154,KLA-TENCOR,1KLAC
2155,KLARSEN,ALKLA
2156,KLAVENESS COMBINAT,KCC
2157,KLEA HOLDING,ALKLH
2158,KLEPIERRE,2LI
2159,KLEPIERRE,LI
2160,KLEPIERRE REIT,4LI
2161,KLM,-
2162,KMC PROPERTIES,KMCP
2163,KME GROUP,KME
2164,KME GROUP RSP,KMER
2165,Knorr-Bremse,1KBX
2166,KOENIG & BAUER,4SKB
2167,KOENIG & BAUER,1SKB
2168,KOENIG&BAUER,2SKB
2169,Kojamo Oyj,1KOJA
2170,KOMPLETT,KOMPL
2171,KOMPUESTOS,ALKOM
2172,KONE,4KNEBV
2173,KONE,2KNEBV
2174,KONE,1KNEBV
2175,Konecranes Oyj,1KCR
2176,KONGSBERG AUTOMOT,KOA
2177,KONGSBERG GRUPPEN,KOG
2178,KONINKLIJKE KPN,4KPN
2179,KPN KON,2KPN
2180,KPN KON,KPN
2181,KRAFT BANK,KRAB
2182,KRATOS DEFENSE & S,1KTOS
2183,KROGER,1KR
2184,KROGER,4KR
2185,KROGER,2KR
2186,Krones AG,1KRN
2187,KRUSO KAPITAL,KK
2188,KRYSTAL BIOTECH IN,1KRYS
2189,Kuehne Nagel Inter,1KNIN
2190,KUMULUS VAPE,ALVAP
2191,L'AIR LIQUIDE,4AI
2192,L'OREAL,4OR
2193,L'OREAL,OR
2194,L'OREAL,2OR
2195,L3Harris Tech,1LHX
2196,LA SIA,LASIA
2197,LAB FARMACEUT ERFO,ERFO
2198,LABO EUROMEDIS,ALEMG
2199,Laboratorios Farma,1ROVI
2200,LACROIX GROUP,LACR
2201,LAGARDERE SA,MMB
2202,Lagercrantz G,1LAGR
2203,LAM RESEARCH,4LRCX
2204,LAM RESEARCH,2LRCX
2205,LAM RESEARCH,1LRCX
2206,Lamb Weston H,1LWE
2207,LANDI RENZO,LNDR
2208,LANDSTAR SYSTEM IN,1LSTR
2209,LANSON-BCC,ALLAN
2210,LANTHEUS HOLDINGS,1LNTH
2211,LANXESS,1LXS
2212,LANXESS,2LXS
2213,LANXESS,4LXS
2214,LARGO,ALLGO
2215,Las Vegas Sands,1LVS
2216,LATECOERE,LAT
2217,LATTICE SEMICONDUC,1LSCC
2218,LAURENT-PERRIER,LPE
2219,LAVIDE HOLDING,LVIDE
2220,LDC,LOUP
2221,LEBON,ALBON
2222,LECTRA,LSS
2223,LEG IMMOBILIEN,2LEG
2224,LEG IMMOBILIEN,1LEG
2225,LEG IMMOBILIEN,4LEG
2226,LEGRAND,2LR
2227,LEGRAND,LR
2228,Leidos Hold,1LDOS
2229,LEMON SISTEMI,LS
2230,Lennar Corp,1LEN
2231,LENNOX INTERNATION,1LII
2232,Lenzing AG,1LNZ
2233,LEONARDO,LDO
2234,LEONARDO,2LDO
2235,LEONE FILM GROUP,LFG
2236,LEPERMISLIBRE,ALLPL
2237,LERØY SEAFOOD GP,LSG
2238,LES HOTELS BAVEREZ,ALLHB
2239,LEVI STRAUSS & CO,1LEVI
2240,LEVI STRAUSS & CO,4LEVI
2241,LEVI STRAUSS&CO,2LEVI
2242,LEXIBOOK LINGUIST.,ALLEX
2243,LHYFE,LHYFE
2244,LIBERTY BROADBAND,1LBRD
2245,LIBERTY MEDIA CORP,1FWON
2246,Lifco AB,1LIFC
2247,LIFECARE,LIFE
2248,LIGHT & WONDER INC,1LNW
2249,LIGHTHOUSE SPANIS,-
2250,LIGHTON,ALTAI
2251,LINCOLN ELECTRIC H,1LECO
2252,LINDBERGH,LDB
2253,Linde PLC,2LINUS
2254,Linde PLC,1LINUS
2255,LINDT,1LISN
2256,LINDT PS,1LISP
2257,LINEDATA SERVICES,LIN
2258,LINK MOBILITY GRP,LINK
2259,LISI,FII
2260,LITHO FORMAS,LIT
2261,LITIX,LTX
2262,Live Nation Ent,1LYV
2263,LKQ Corp,1LKQ
2264,LLAMA GROUP,ALLAM
2265,LLEIDA,ALLLN
2266,LNA SANTE,LNA
2267,LOCASYSTEM INTL,MLLOI
2268,LOCKHEED MARTIN,2LMT
2269,LOCKHEED MARTIN,1LMT
2270,LOCKHEED MARTIN,4LMT
2271,Loews Corp,1LOE
2272,LOGIC INSTRUMENT,ALLOG
2273,Logista Integral,1LOG
2274,Logitech Internati,1LOGN
2275,LOKOTECH GROUP,LOKO
2276,LOKOTECH GROUP TR,LOKOS
2277,LOMBARD ET MEDOT,MLCAC
2278,LONGINO&CARDENAL,LON
2279,Lonza Group,1LONN
2280,LOTTOMATICA GROUP,LTMC
2281,LOTUS BAKERIES,LOTB
2282,LOUIS HACHETTE,ALHG
2283,LOWES COMPANIES,2LOW
2284,LOWES COMPANIES,1LOW
2285,LOWES COMPANIES,4LOW
2286,LPKF LASER & ELECT,1LPK
2287,LPKF LASER & ELECT,4LPK
2288,LPKF LASER&ELECT,2LPK
2289,LPL FINANCIAL HOLD,1LPLA
2290,LUCIBEL,ALUCI
2291,LUCID GROUP INC,1LCID
2292,LUCISANO MEDIA G,LMG
2293,Lululemon Athl,1LUL
2294,LUMEN TECHNOLOGIES,4CYTH
2295,LUMEN TECHNOLOGIES,2CYTH
2296,LUMEN TECHNOLOGIES,1CYTH
2297,LUMENTUM HOLDINGS,1LITE
2298,LUMENTUM HOLDINGS,4LITE
2299,LUMENTUM HOLDINGS,2LITE
2300,LUMI GRUPPEN,LUMI
2301,LUMIBIRD,LBIRD
2302,Lundbergforetagen,1LUND
2303,LUVE,LUVE
2304,LVMH,2MC
2305,LVMH,MC
2306,LVMH,1MC
2307,LVMH,4MC
2308,LYFT,2LYFT
2309,LYFT,1LYFT
2310,LYFT,4LYFT
2311,LyondellBasell,1LYB
2312,LYTIX BIOPHARMA,LYTIX
2313,M VEST WATER,MVW
2314,M&T Bank Corp,1MTB
2315,MAAT PHARMA,MAAT
2316,MACC1X1 SOCIMI,MLMAC
2317,MACOMPTA.FR,MLMCA
2318,MACYS,4FDO
2319,MACYS,2FDO
2320,MACYS,1FDO
2321,MADE,MLMAD
2322,MADRIGAL PHARMACEU,1MDGL
2323,MAGILLEM,MLMGL
2324,MAGIS,MGS
2325,MAGNITE INC,1MGNI
2326,MAGNORA,MGN
2327,MAIRE,MAIRE
2328,MAISON CLIO BLUE,MLCLI
2329,MAISONS DU MONDE,MDM
2330,MAKING SCIENCE,ALMKS
2331,MALIN CORP. PLC,MLC
2332,MALTERIES FCO-BEL.,MALT
2333,MANDATUM OYJ,1MANT
2334,MANHATTAN ASSOCIAT,1MANH
2335,MANITOU BF,MTU
2336,MAPFRE,2MAP
2337,MAPFRE,1MAP
2338,MAPFRE,4MAP
2339,MAPS,MAPS
2340,MAQ ADMON. URBANAS,MLMAQ
2341,MARA HOLDINGS,2MARA
2342,MARA HOLDINGS,1MARA
2343,MARATHON PETROLEUM,4MPC
2344,MARATHON PETROLEUM,2MPC
2345,MARATHON PETROLEUM,1MPC
2346,MARE ENGINEERING,MARE
2347,MARE NOSTRUM,ALMAR
2348,MarketAxess Hold,1MKTX
2349,MAROC TELECOM,IAM
2350,MARR,MARR
2351,MARRIOTT INTERN,1MAR
2352,MARRIOTT INTERN,4MAR
2353,MARRIOTT INTERN,2MAR
2354,Marsh & McLennan,1MMC
2355,MARTIFER,MAR
2356,Martin Marietta,1MLM
2357,MARVELL TECHNOLOGY,49MW
2358,MARVELL TECHNOLOGY,29MW
2359,MARVELL TECHNOLOGY,19MW
2360,MARZOCCHI POMPE,MARP
2361,Masco Corp,1MAS
2362,MASI AGRICOLA,MASI
2363,MASIMO CORP,1MASI
2364,MASTERCARD,1MA
2365,MASTERCARD,2MA
2366,MASTERCARD,4MA
2367,MASTRAD,ALMAS
2368,MASTRAD BS29,MASBS
2369,Match Group Inc,1MTCH
2370,MATICA FINTEC,MFT
2371,MATTEL,2MAT
2372,MATTEL,4MAT
2373,MATTEL,1MAT
2374,MATVAREEXPRESSEN,MVE
2375,MAUNA KEA TECH,ALMKT
2376,MAURAGE,-
2377,MAUREL ET PROM,MAU
2378,Mayr Melnhof K,1MMK
2379,MAZARO,MLMAZ
2380,MBWS,MBWS
2381,MBZ (Gen-Jce),-
2382,McCormick & Co,1MKC
2383,MCDONALD'S,4MCD
2384,MCDONALD'S,1MCD
2385,MCDONALD'S,2MCD
2386,MCEWEN,2MUX
2387,MCEWEN,4MUX
2388,MCEWEN,1MUX
2389,McKesson Corp,1MCK
2390,MCPHY ENERGY,ALMCP
2391,MECHELEN,-
2392,MEDIA 6,EDI
2393,MEDIA CAPITAL,MCP
2394,MEDIA LAB,MLLAB
2395,MEDIAN TECH BSA,MDTBS
2396,MEDIANTECHNOLOGIES,ALMDT
2397,MEDINCELL,MEDCL
2398,MEDIOBANCA,2MB
2399,MEDIOBANCA,MB
2400,MEDISTIM,MEDI
2401,MEDPACE HOLDINGS I,1MEDP
2402,MEDTRONIC,2MDT
2403,MEDTRONIC,4MDT
2404,MEDTRONIC,1MDT
2405,MEGLIOQUESTO,MQSPA
2406,MELEXIS,MELE
2407,MELEXIS,2MELE
2408,MELHUS SPAREBANK,MELG
2409,MEMSCAP REGPT,MEMS
2410,MercadoLibre Inc,1MELI
2411,MERCEDES-BENZ G.,2MBG
2412,MERCEDES-BENZ G.,4MBG
2413,MERCEDES-BENZ G.,1MBG
2414,MERCIALYS,MERY
2415,MERCIALYS,2MERY
2416,MERCK,2MRK
2417,MERCK,4MRK
2418,MERCK,1MRK
2419,MERCK & CO.,1MRKX
2420,MERCK & CO.,4MRKX
2421,MERCK&CO.,2MRKX
2422,MERIDIA RE IV,MLMIV
2423,MERIT MEDICAL SYST,1MMSI
2424,MERLIN PROPERTIES,MRL
2425,MERSEN,2MRN
2426,MERSEN,MRN
2427,MESSER BELGIUM,-
2428,MET.EXTRA GROUP,MET
2429,META PLATFORMS,2META
2430,META PLATFORMS,1FB
2431,META PLATFORMS,4FB
2432,METALEN GALLER,-
2433,METALLIANCE,MLETA
2434,METAVISIO,ALTHO
2435,METHANOR,ALMET
2436,MetLife Inc,1MET
2437,METRICS IN BALANCE,MLMIB
2438,METRIKS AI,MTK
2439,METROPOLE TV,MMT
2440,METROPOLE TV,2MMT
2441,Metsa Board Oyj B,1MTBB
2442,Metso Oyj,1METS
2443,Mettler-Toledo Int,1MTD
2444,MEVIM,MEV
2445,MEXEDIA,ALMEX
2446,MFE A,2MFEA
2447,MFE A,MFEA
2448,MFE B,MFEB
2449,MFE B,2MFEB
2450,MG INTERNATIONAL,ALMGI
2451,MGI DIGITAL GRAPHI,ALMDG
2452,MGM Resorts Int,1MGM
2453,MICHELIN,ML
2454,MICROCHIP TECHNOL,4MCHP
2455,MICROCHIP TECHNOL,2MCHP
2456,MICROCHIP TECHNOL,1MCHP
2457,MICRON TECHNOLOGY,2MT
2458,MICRON TECHNOLOGY,1MU
2459,MICRON TECHNOLOGY,4MU
2460,MICROSOFT CORP,4MSFT
2461,MICROSOFT CORP,2MSFT
2462,MICROSOFT CORP,1MSFT
2463,MICS PARTNERS,-
2464,MIDDLEBY CORP,1MIDD
2465,MIGUET ET ASSOCIES,MLNMA
2466,MIKO,MIKO
2467,MILIBOO,ALMLB
2468,MINCON GROUP PLC,MIO
2469,MINT,ALMIN
2470,MISITANO STRACUZZI,MS
2471,MIT SIM,MTS
2472,MKB Nedsense,NEDSE
2473,MKS INSTRUMENTS IN,1MKSI
2474,MODERNA,4MRNA
2475,MODERNA,2MRNA
2476,MODERNA,1MRNA
2477,Mohawk Ind,1MHK
2478,Molina Healthcare,1MOH
2479,Molson Coors Bev,1TAP
2480,MOLTIPLY GROUP,MOL
2481,MON COURTIER ENERG,ALMCE
2482,MONCEY (FIN.) NOM.,FMONC
2483,MONCLER,MONC
2484,MONCLER,2MONC
2485,MONDADORI EDIT,MN
2486,MONDELEZ INTERN,2MDLZ
2487,MONDELEZ INTERN,4MDLZ
2488,MONDELEZ INTERN,1MDLZ
2489,MONDO TV,MTV
2490,MONDO TV FRANCE,MTVFR
2491,MongoDB Inc,1MDB
2492,MONNALISA,MNL
2493,Monolithic Power,1MPWR
2494,Monster Beverage,1MNST
2495,MONTEA,MONT
2496,MONTEPINO LOGISTIC,MLMTP
2497,MONUMENTAL RES,MLMR
2498,Moody's Corp,1MCO
2499,MOPOLI,MOP
2500,MOPOLI FOND,MOPF
2501,MOREFIELD GROUP,MORE
2502,MORELD,MORLD
2503,MORGAN STANLEY,1MS
2504,MORGAN STANLEY,2MS
2505,MORGAN STANLEY,4MS
2506,MORROW BANK,MOBA
2507,Mosaic Co/The,1MOS
2508,MOTA ENGIL,2EGL
2509,MOTA ENGIL,EGL
2510,MOTORK,MTRK
2511,MOTOROLA SOLUTIONS,2MSI
2512,MOTOROLA SOLUTIONS,4MSI
2513,MOTOROLA SOLUTIONS,1MSI
2514,MOULINVEST,ALMOU
2515,MOURY CONSTRUCT,MOUR
2516,MOWI,MOWI
2517,MPC CONTAINER SHIP,MPCC
2518,MPC ENERGY SOLUTIO,MPCES
2519,MR BRICOLAGE,ALMRB
2520,MR COOPER GROUP IN,1COOP
2521,MSCI Inc,1MSCI
2522,MTU AERO ENGINES,4MTX
2523,MTU AERO ENGINES,1MTX
2524,MTU AERO ENGINES,2MTX
2525,MULTICONSULT,MULTI
2526,MUNIC,ALMUN
2527,MUNICH RE,2MUV2
2528,MUNICH RE,4MUV2
2529,MUNICH RE,1MUV2
2530,Munters Group,1MTRS
2531,MUTTER VENTURES,MLMUT
2532,Mycronic,1MYCR
2533,MYHOTELMATCH,MHM
2534,MÅSØVAL,MAS
2535,NACON,NACON
2536,NAI ORD SHARES,NAI
2537,NAI TREAS SHARES,NAITR
2538,NAI WARRANTS,NAIW
2539,NAMR,ALNMR
2540,NANOBIOTIX,NANO
2541,NAPATECH,NAPA
2542,Nasdaq Inc,1NDAQ
2543,NATURGY ENERGY GR,2NTGY
2544,NATURGY ENERGY GR,1NTGY
2545,NATURGY ENERGY GR,4NTGY
2546,NAVAMEDIC,NAVA
2547,NEDAP,NEDAP
2548,NEKKAR,NKR
2549,NEL,NEL
2550,NEMETSCHEK,2NEMX
2551,NEMETSCHEK,4NEMX
2552,NEMETSCHEK,1NEMX
2553,NEODECORTECH,NDT
2554,NEOLIFE,ALNLF
2555,NEOSPERIENCE,NSP
2556,NEOVACS,ALNEV
2557,NEPI ROCKCASTLE,NRP
2558,NESTE,4NESTE
2559,NESTE,1NESTE
2560,NESTE,2NESTE
2561,Nestle,1NESN
2562,NetApp Inc,1NTAP
2563,NETFLIX,2NFLX
2564,NETFLIX,4NFLX
2565,NETFLIX,1NFLX
2566,NETGEM,ALNTG
2567,NETMEDIA GROUP,ALNMG
2568,NETWEEK,NTW
2569,NEUFCOUR-FIN.,MLNEU
2570,NEUROCRINE BIOSCIE,1NBIX
2571,NEURONES,NRO
2572,NEUROSOFT,NRST
2573,NEW SOURCES ENERGY,NSE
2574,NEWELL BRANDS INC,1NWL
2575,NEWMONT,1NEM
2576,NEWMONT,2NEM
2577,NEWMONT,4NEM
2578,NEWPRINCES,NWL
2579,News Corp,1NWS
2580,News Corp,1NWSA
2581,NEWTREE,NEWT
2582,NEXANS,2NEX
2583,NEXANS,NEX
2584,NEXI,NEXI
2585,NEXI,2NEXI
2586,NEXITY,2NXI
2587,NEXITY,NXI
2588,NEXSTAR MEDIA GROU,1NXST
2589,NEXT BIOMETRICS GP,NEXT
2590,NEXT GEOSOLUTIONS,NXT
2591,NEXT RE,NR
2592,NEXTEDIA,ALNXT
2593,NEXTENSA,NEXTA
2594,NextEra Energy,4NEE
2595,NextEra Energy,2NEE
2596,NextEra Energy,1NEE
2597,NFL BIOSCIENCES,ALNFL
2598,Nibe Industrier,1NIBE
2599,NICOX,ALCOX
2600,NICOX BSA,NICBS
2601,NIDAROS SPAREBANK,NISB
2602,NIKE,1NKE
2603,NIKE,4NKE
2604,NIKE,2NKE
2605,NiSource Inc,1NIS
2606,NMC,-
2607,NN GROUP,4NN
2608,NN GROUP,2NN
2609,NN GROUP,NN
2610,NOKIA,NOKIA
2611,NOKIA CORPORATION,4NOKIA
2612,NOKIA CORPORATION,2NOKIA
2613,NOKIA CORPORATION,1NOKIA
2614,NOKIAN RENKAAT,2TYRES
2615,NOKIAN RENKAAT,1TYRES
2616,NOKIAN RENKAAT,4TYRES
2617,NORAM DRILLING,NORAM
2618,NORBIT,NORBT
2619,NORCOD,NCOD
2620,NORCONSULT,NORCO
2621,NORDEA BANK,1NDA
2622,NORDEA BANK,4NDA
2623,NORDEA BANK,2NDA
2624,NORDEX,2NDX
2625,NORDEX,1NDX
2626,NORDEX,4NDX
2627,NORDHEALTH A-AKSJE,NORDH
2628,NORDIC AQUA PART,NOAP
2629,NORDIC FINANCIALS,NOFIN
2630,NORDIC HALIBUT,NOHAL
2631,NORDIC MINING,NOM
2632,NORDIC SEMICONDUC,NOD
2633,NORDIC TECHNOLOGY,NTG
2634,Nordnet publ,1SAVE
2635,Nordson Corp,1NDSN
2636,Norfolk Southern,1NSC
2637,NORSE ATLANTIC,NORSE
2638,NORSK HYDRO,NHY
2639,NORSK TITANIUM,NTI
2640,NORSKE SKOG,NSKOG
2641,NORTEM BIOGROUP,MLBIO
2642,NORTH ENERGY,NORTH
2643,NORTHERN DATA,2NB
2644,NORTHERN DATA,1NB
2645,NORTHERN DATA,4NB
2646,NORTHERN OCEAN LTD,NOL
2647,Northern Trust,1NTRS
2648,NORTHROP GRUMMAN,1NOC
2649,NORTHROP GRUMMAN,4NOC
2650,NORTHROP GRUMMAN,2NOC
2651,NORWEGIAN AIR SHUT,NAS
2652,NORWEGIAN BLOCK EX,NBX
2653,"NOS, SGPS",2NOS
2654,"NOS, SGPS",NOS
2655,NOTORIOUS PICTURES,NPI
2656,"NOVABASE,SGPS",NBA
2657,NOVACYT,ALNOV
2658,NOVAMARINE,NOVA
2659,Novartis,1NOVN
2660,NOVATECH IND.,MLNOV
2661,NR21,NR21
2662,NRC GROUP,NRC
2663,NRG Energy Inc,1NRG
2664,NRJ GROUP,NRG
2665,NSC GROUPE,ALNSC
2666,NSE,ALNSE
2667,NSI N.V.,NSI
2668,NU Holdings,1NUH
2669,Nucor Corp,1NUE
2670,NUSCO,NUS
2671,NVIDIA CORP,2NVDA
2672,NVIDIA CORP,4NVDA
2673,NVIDIA CORP,1NVDA
2674,NVR Inc,1NVR
2675,NX FILTRATION,NXFIL
2676,NXP SEMICONDUCTORS,2NXPI
2677,NXP SEMICONDUCTORS,4NXPI
2678,NXP SEMICONDUCTORS,1NXPI
2679,NYKODE THERAPEUTIC,NYKD
2680,NYRSTAR,NYR
2681,NYXOAH,NYXH
2682,O'Reilly Auto,1ORLY
2683,OBIZ,ALBIZ
2684,OBSERVE MEDICAL,OBSRV
2685,OCCIDENTAL PETR,1OXY
2686,OCCIDENTAL PETR,2OXY
2687,OCCIDENTAL PETR,4OXY
2688,OCEAN GEOLOOP,OCEAN
2689,OCEAN SUN,OSUN
2690,OCI,2OCI
2691,OCI,OCI
2692,OCTOPUS BIOSAFETY,MLOCT
2693,ODFJELL DRILLING,ODL
2694,ODFJELL SER. A,ODF
2695,ODFJELL SER. B,ODFB
2696,ODFJELL TECHNOLOGY,OTL
2697,ODIOT S.A.,MLODT
2698,ODYSSEE TECHNO,ALODY
2699,OENEO,SBT
2700,Oesterreichische,1POST
2701,OFFICINA STELLARE,OS
2702,OK PROPERTIES,MLOKP
2703,OKEA,OKEA
2704,OKEANIS ECO TANKER,OET
2705,OKTA INC,1OKTA
2706,OLAV THON EIENDOMS,OLT
2707,Old Dominion,1ODFL
2708,OLD ENGLAND,-
2709,OLD NATIONAL BANCO,1ONB
2710,OLIDATA,OLI
2711,OLIMPO REAL ESTATE,MLORE
2712,OLLIE'S BARGAIN OU,1OLLI
2713,OMDA,OMDA
2714,OMER,OMER
2715,OMER-DECUGIS & CIE,ALODC
2716,Omnicom Group Inc,1OMC
2717,OMV,1OMV
2718,OMV,4OMV
2719,ON Semiconductor,1ON
2720,ON Semiconductor,2ON
2721,ONCODESIGN PM,ALOPM
2722,ONCOINVENT,ONCIN
2723,ONE EXPERIENCE,ALEXP
2724,ONEOK,1OKE
2725,ONEOK,2OKE
2726,ONEOK,4OKE
2727,ONLINEFORMAPRO,MLONL
2728,ONTEX GROUP,ONTEX
2729,ONWARD MEDICAL,ONWD
2730,OPENDOOR TECHNOLOG,1OPEN
2731,OPMOBILITY,OPM
2732,OPMOBILITY,2OPM
2733,OPTIMCO,-
2734,OPTION CARE HEALTH,1OPCH
2735,ORACLE,1ORCL
2736,ORACLE,2ORCL
2737,ORACLE,4ORCL
2738,ORANGE,ORA
2739,ORANGE,4ORA
2740,ORANGE,1ORA
2741,ORANGE,2ORA
2742,ORANGE BELGIUM,OBEL
2743,ORBIS PROPERTIES,MLORB
2744,ORDISSIMO,ALORD
2745,OREGE,OREGE
2746,ORGANON & CO.,1OGN
2747,ORGANON & CO.,4OGN
2748,ORGANON&CO.,2OGN
2749,ORIGIN ENT. PLC,OIZ
2750,ORINOQUIA,MLORQ
2751,ORION CLASS B,2ORNBV
2752,ORION CLASS B,1ORNBV
2753,ORION CLASS B,4ORNBV
2754,ORKLA,ORK
2755,ORSERO,ORS
2756,OSAI AUTOM SYSTEM,OSA
2757,OSE IMMUNO,OSE
2758,OSMOSUN,ALWTR
2759,OTELLO CORPORATION,OTEC
2760,Otis Worldwide,1OTIS
2761,OTOFARMA,OTO
2762,OTOVO,OTOVO
2763,Outokumpu Oyj,1OUT
2764,OVH,2OVH
2765,OVH,OVH
2766,OVS,OVS
2767,OXURION,OXUR
2768,OZ GROUP,ICE
2769,PACCAR Inc,1PCAR
2770,Packaging,1PKG
2771,PACTE NOVATION,MLPAC
2772,PALANTIR TECHNOL,2PLTR
2773,PALANTIR TECHNOL,4PLTR
2774,PALANTIR TECHNOL,1PLTR
2775,PALINGEO,PAL
2776,Palo Alto Networks,1PANW
2777,Palo Alto Networks,2PANW
2778,Palo Alto Networks,4PANW
2779,PANORO ENERGY,PEN
2780,PANTECH,-
2781,PAPA JOHN'S INTL I,1PZZA
2782,PARAGON,2PGN
2783,PARAGON,1PGN
2784,PARATUS ENERGY SER,PLSV
2785,PAREF,PAR
2786,PARETO BANK,PARB
2787,PARKER HANNIFIN,2PH
2788,PARKER HANNIFIN,1PH
2789,PARKER HANNIFIN,4PH
2790,PARROT,PARRO
2791,PART.INDLES MINI.,MLHOP
2792,Partners Group Hol,1PGHN
2793,PARX MATERIALS NV,MLPRX
2794,PASQUARELLI AUTO,PSQ
2795,PASSAT,PSAT
2796,PATRIMOINE ET COMM,PAT
2797,PATTERN,PTR
2798,PATTERSON-UTI ENER,1PTEN
2799,PAULIC MEUNERIE,ALPAU
2800,Paychex Inc,1PAYX
2801,Paycom Software,1PAYC
2802,PAYLOCITY HOLDING,1PCTY
2803,PAYPAL,1PYPL
2804,PAYPAL,4PYPL
2805,PAYPAL,2PYPL
2806,PAYTON PLANAR,PAY
2807,PB FINANCE,-
2808,PB HOLDING,PBH
2809,PBB,4PBB
2810,PBB,2PBB
2811,PBB,1PBB
2812,PCI BIOTECH HOLD,PCIB
2813,PEGASYSTEMS INC,1PEGA
2814,PELOTON INTERACTIV,4PTON
2815,PELOTON INTERACTIV,2PTON
2816,PELOTON INTERACTIV,1PTON
2817,PELTZER,-
2818,Pentair PLC,1PNR
2819,PEPSICO,4PEP
2820,PEPSICO,2PEP
2821,PEPSICO,1PEP
2822,PERM. TSB GP. HOLD,PTSB
2823,PERNOD RICARD,4RI
2824,PERNOD RICARD,RI
2825,PERNOD RICARD,2RI
2826,PERRIER (GERARD),PERR
2827,PERSEIDA RENTA,MLPER
2828,PET SERVICE,ALPET
2829,PETROLIA,PSE
2830,PETRONOR E&P,PNOR
2831,PEUGEOT INVEST,PEUG
2832,PEXIP HOLDING,PEXIP
2833,PFEIFFER VACUUM,2PFV
2834,PFEIFFER VACUUM,1PFV
2835,PFEIFFER VACUUM,4PFV
2836,PFIZER,4PFE
2837,PFIZER,2PFE
2838,PFIZER,1PFE
2839,PG&E,4PCG
2840,PG&E,2PCG
2841,PG&E,1PCG
2842,PHARMANUTRA,PHN
2843,PHARMING GROUP,PHARM
2844,PHAROL,PHR
2845,PHAXIAM Tx,PHXM
2846,PHILIP MORRIS INT,2PM
2847,PHILIP MORRIS INT,4PM
2848,PHILIP MORRIS INT,1PM
2849,PHILIPS,1PHIA
2850,PHILIPS,2PHIA
2851,PHILIPS,4PHIA
2852,PHILIPS BUY BACK,INPHI
2853,PHILIPS KON,PHIA
2854,PHILLIPS 66,2PSX
2855,PHILLIPS 66,1PSX
2856,PHILLIPS 66,4PSX
2857,PHILLY SHIPYARD,PHLY
2858,PHILOGEN,PHIL
2859,PHONE WEB,MLPHW
2860,PHOTOCURE,PHO
2861,PHOTONIKE CAPITAL,MLPHO
2862,PIAGGIO,PIA
2863,PIERRE VAC BSA ACT,VACBS
2864,PIERRE VAC BSA CRE,VACBT
2865,PIERRE VACANCES,VAC
2866,PILGRIM'S PRIDE CO,1PPC
2867,PININFARINA SPA,PINF
2868,PINNACLE FINANCIAL,1PNFP
2869,Pinnacle West Cap,1PNW
2870,PIONEER PROPERTY,PPG
2871,PIQUADRO,PQ
2872,PIRELLI & C,PIRC
2873,PIRELLI&C,2PIRC
2874,PISCINES DESJOYAUX,ALPDX
2875,PLACOPLATRE,MLPLC
2876,PLANETEL,PLN
2877,PLANISWARE,PLNW
2878,PLANT ADVANCED,ALPAT
2879,PLANT ADVANCED BS,PATBS
2880,PLAST.VAL LOIRE,PVL
2881,PLC,PLC
2882,PLUG POWER,2PLUG
2883,PLUG POWER,4PLUG
2884,PLUG POWER,1PLUG
2885,PLUXEE,PLX
2886,PNC Financial S,1PNC
2887,PNE,4PNE
2888,PNE,1PNE
2889,PNE,2PNE
2890,POLARIS MEDIA,POL
2891,POLIGHT,PLT
2892,POLIGRAF PRINTING,POPR
2893,Pool Corp,1POOL
2894,PORCELEYNE FLES,PORF
2895,PORSCHE AG PREF,2PORS
2896,PORSCHE AG PREF,1PORS
2897,PORSCHE AUTOMOBIL,2PAH
2898,PORSCHE AUTOMOBIL,4PAH
2899,PORSCHE AUTOMOBIL,1PAH
2900,PORTO AVIATION,PAG
2901,PORTOBELLO,POR
2902,POSTE ITALIANE,2PST
2903,POSTE ITALIANE,PST
2904,POSTNL,PNL
2905,POUJOULAT,ALPJT
2906,POULAILLON,ALPOU
2907,POWELL INDUSTRIES,1POWL
2908,POWERSOFT,PWS
2909,POXEL,POXEL
2910,POZZI MILANO,POZ
2911,PPG INDUSTRIES,2PPG
2912,PPG INDUSTRIES,1PPG
2913,PPG INDUSTRIES,4PPG
2914,PPL,4PPL
2915,PPL,2PPL
2916,PPL,1PPL
2917,PPLA CLASS A,PPLAA
2918,PPLA CLASS B,PPLAB
2919,PPLA European Unit,PPLA
2920,PREATONI GROUP,MLPRG
2921,PRECIA,ALPM
2922,PREDICT,PRE
2923,PREDILIFE,ALPRE
2924,PREMIA FINANCE,PFI
2925,Principal Financ,1PFG
2926,PRISMAFLEX INTL,ALPRI
2927,PROACTIS SA,PROAC
2928,PROCTER & GAMBLE,4PG
2929,PROCTER & GAMBLE,1PG
2930,PROCTER&GAMBLE,2PG
2931,PRODWARE,ALPRO
2932,PRODWAYS GROUP,ALPWG
2933,Progressive,1PGR
2934,PROLOGIS REIT,2PLD
2935,PROLOGIS REIT,1PLD
2936,PROLOGIS REIT,4PLD
2937,PROLOGUE,ALPRG
2938,PROMOTICA,PMT
2939,PROP.IMMEUBLES,MLPRI
2940,PROSAFE,PRS
2941,PROSIEBENSAT1 MEDI,1PSM
2942,PROSIEBENSAT1 MEDI,2PSM
2943,PROSIEBENSAT1 MEDI,4PSM
2944,PROSUS,2PRX
2945,PROSUS,4PRX
2946,PROSUS,PRX
2947,PROTECTOR FORSIKRG,PROT
2948,PROXIMAR SEAFOOD,PROXI
2949,PROXIMUS,2PROX
2950,PROXIMUS,PROX
2951,PRUDENTIAL FIN,4PRU
2952,PRUDENTIAL FIN,2PRU
2953,PRUDENTIAL FIN,1PRU
2954,PRYME,PRYME
2955,PRYSMIAN,2PRY
2956,PRYSMIAN,PRY
2957,PSP,1PSPN
2958,PTC Inc,1PTC
2959,PUBLIC PROPERTY IN,PUBLI
2960,Public Service Ent,1PEG
2961,PUBLICIS GROUPE,4PUB
2962,PUBLICIS GROUPE SA,2PUB
2963,PUBLICIS GROUPE SA,PUB
2964,Puig Brands,1PUIG
2965,PULLUP ENTERTAIN,ALPUL
2966,PUMA,2PUM
2967,PUMA,4PUM
2968,PUMA,1PUM
2969,PYRUM INNOVATIONS,PYRUM
2970,QEV,QEV
2971,QEV TREAS SHARES,QEVT
2972,QEV WARRANTS,QEVW
2973,QIAGEN,4QGEN
2974,QIAGEN,2QGEN
2975,QIAGEN,1QGEN
2976,Qorvo Inc,1QRVO
2977,QRF,QRF
2978,Qt Group Oyj,1QTCO
2979,QUADIENT,QDT
2980,QUALCOMM,1QCOM
2981,QUALCOMM,4QCOM
2982,QUALCOMM,2QCOM
2983,QUALYS INC,1QLYS
2984,Quanta Services,1PWR
2985,QUANTUM GENOMICS,ALQGC
2986,Quest Diagnostic,1QDX
2987,QUESTERRE ENERGY,QEC
2988,QUESTFOR GR-PRICAF,QFG
2989,QWAMPLIFY,ALQWA
2990,RACING FORCE,RFG
2991,RACING FORCE,ALRFG
2992,RADICI,RAD
2993,RADNET INC,1RDNT
2994,RAI WAY,RWAY
2995,Raiffeisen Bank,4RBI
2996,Raiffeisen Bank,1RBI
2997,RAIZE,MLRZE
2998,Ralph Lauren Corp,1RLA
2999,RAMADA,RAM
3000,RAMBUS INC,1RMBS
3001,RAMSAY GEN SANTE,GDS
3002,RANA GRUBER,RANA
3003,RANDSTAD NV,RAND
3004,RANDSTAD NV,2RAND
3005,RAPID NUTRITION,ALRPD
3006,Rational AG,1RAA
3007,RATTI,RAT
3008,Raymond James Fin,1RJF
3009,RCS MEDIAGROUP,RCS
3010,REACH SUBSEA,REACH
3011,REALCO,REAL
3012,REALITES,ALREA
3013,REBIRTH,ALREB
3014,REC SILICON,RECSI
3015,RECORDATI ORD,2REC
3016,RECORDATI ORD,REC
3017,RECTICEL,RECT
3018,RED CAT HOLDINGS I,1RCAT
3019,RED ELECTRICA CORP,1REE
3020,RED ELECTRICA CORP,4REE
3021,RED ELECTRICA CORP,2REE
3022,Redcare Pharma,4SAE
3023,Redcare Pharma,1RDC
3024,Reddit Inc,2RDDT
3025,Reddit Inc,1RDDT
3026,REDELFI,RDF
3027,REDFISH,RFLTC
3028,REFUELS,REFL
3029,REGENERON PHARMA,4REGN
3030,REGENERON PHARMA,1REGN
3031,REGENERON PHARMA,2REGN
3032,Regions Financial,1RFU
3033,REIBEL,REI
3034,REINET INVESTMENTS,REINA
3035,RELX,REN
3036,REMY COINTREAU,RCO
3037,REMY COINTREAU,2RCO
3038,REN,RENE
3039,REN,2RENE
3040,RENAULT,4RNO
3041,RENAULT,1RNO
3042,RENAULT,RNO
3043,RENAULT,2RNO
3044,RENOVALO,RNV
3045,REPLIGEN CORP,1RGEN
3046,REPLY,REY
3047,REPSOL,2REP
3048,REPSOL,1REP
3049,REPSOL,4REP
3050,Republic Services,1RSG
3051,RES,RES
3052,RES GESTAE SOCIMI,MLJDL
3053,ResMed Inc,1RMD
3054,RETAIL ESTATES,RET
3055,RETI,RETI
3056,REVO INSURANCE,REVO
3057,REVOLUTION MEDICIN,1RVMD
3058,Revvity Inc,1RVTY
3059,REWAY GROUP,RWY
3060,REWORLD MEDIA,ALREW
3061,REXEL,2RXL
3062,REXEL,RXL
3063,RH,1RH
3064,RHEINMETALL,4RHM
3065,RHEINMETALL,1RHM
3066,RHEINMETALL,2RHM
3067,RIBA MUNDO,RMT
3068,RIBER,ALRIB
3069,RINO PETINO,RPTN
3070,Riot Platforms,1RIOT
3071,RISANAMENTO,RN
3072,RIVER TECH,RIVER
3073,RIVIAN AUTOMOTIVE,1RIVN
3074,ROBERTET,RBT
3075,ROBERTET CDV 87,CBR
3076,ROBERTET CI,CBE
3077,ROBINHOOD MARKETS,4HOOD
3078,ROBINHOOD MARKETS,2HOOD
3079,ROBINHOOD MARKETS,1HOOD
3080,ROCHE BOBOIS,RBO
3081,Roche Holding,1ROG
3082,ROCHE I,1RO
3083,ROCKET LAB CORP,1RKLB
3084,ROCKET SHARING C,RKT
3085,ROCKWELL AUTO,1ROK
3086,ROCKWELL AUTO,4ROK
3087,ROCKWELL AUTO,2ROK
3088,ROCTOOL,ALROC
3089,RODAMCO,-
3090,ROGALAND SPAREBANK,ROGS
3091,ROKU,2ROKU
3092,ROKU,1ROKU
3093,ROKU,4ROKU
3094,Rollins Inc,1ROL
3095,ROMERIKE SPAREBK,ROMER
3096,ROMREAL,ROM
3097,Roper Technologies,1ROP
3098,ROSETTI MARINO,YRM
3099,Ross Stores Inc,1ROST
3100,ROTON,-
3101,ROUGIER S.A.,ALRGR
3102,ROULARTA,ROU
3103,ROYAL GOLD INC,1RGLD
3104,RSR SINGULAR,MLRSR
3105,RTL Group SA,1RRTL
3106,RTX Corp,1RTX
3107,RUBIS,2RUI
3108,RUBIS,RUI
3109,RUBRIK INC-A,1RBRK
3110,RWE,1RWE
3111,RWE,2RWE
3112,RWE,4RWE
3113,RYANAIR HOLD. PLC,RYA
3114,S&P Global Inc,1SPGI
3115,S.CLUBE BRAGA,SCB
3116,S.D. STANDARD ETC,SDSD
3117,S.E.B.,2SK
3118,S.E.B.,SK
3119,S.S. LAZIO,SSL
3120,Saab AB,1SAAB
3121,SABAF,SAB
3122,SACCHERIA F. FRANC,SAC
3123,Sacyr SA,1SCYR
3124,SAFE,ALSAF
3125,SAFILO GROUP,SFL
3126,SAFRAN,2SAF
3127,SAFRAN,SAF
3128,SAFRAN,4SAF
3129,SAGA PURE,SAGA
3130,Sagax AB,1SAGA
3131,SAGAX REAL ESTATE,MLSAG
3132,SAIA INC,1SAIA
3133,SAINT GOBAIN,2SGO
3134,SAINT GOBAIN,SGO
3135,SAINT JEAN GROUPE,SABE
3136,SAINT-GOBAIN,4SGO
3137,SAIPEM,2SPM
3138,SAIPEM,SPM
3139,SAJA REAL ESTATE,MLSJA
3140,SALESFORCE,1CRM
3141,SALESFORCE,2CRM
3142,SALESFORCE,4CRM
3143,SALMAR,SALM
3144,SALMON EVOLUTION,SALME
3145,SALV FERRAGAMO,2SFER
3146,SALV FERRAGAMO,SFER
3147,SAMBA DIGITAL,ALSMB
3148,Samhallsby,1SBBB
3149,Sampo Oyj,1SAMP
3150,SAMSE,SAMS
3151,Sandvik AB,1SAND
3152,SANLORENZO,SL
3153,SANOFI,2SAN
3154,SANOFI,4SAN
3155,SANOFI,1SAN
3156,SANOFI,SAN
3157,SAP,2SAP
3158,SAP,1SAP
3159,SAP,4SAP
3160,SAPMER,ALMER
3161,SAREPTA THERAPEUTI,1SRPT
3162,SARTORIUS,2SRT
3163,SARTORIUS,1SRT
3164,SARTORIUS,4SRT
3165,SARTORIUS PREF,2SRT3
3166,SARTORIUS PREF,1SRT3
3167,SARTORIUS PREF,4SRT3
3168,SARTORIUS STED BIO,DIM
3169,SARTORIUS STED BIO,2DIM
3170,SARTORIUS STEDIM B,4DIM
3171,SATS,SATS
3172,SAVENCIA,SAVE
3173,SAVONNERIE NYONS,MLSDN
3174,SBE-VARVIT,VARV
3175,SBM OFFSHORE,2SBMO
3176,SBM OFFSHORE,SBMO
3177,SBO,1SBO
3178,SCANA,SCANA
3179,SCATEC,SCATC
3180,SCBSM,CBSM
3181,SCEMI,MLCMI
3182,SCHINDLER,1SCHN
3183,SCHINDLER PS,1SCHP
3184,Schlumberger NV,1SLB
3185,SCHNEIDER ELECTRIC,2SU
3186,SCHNEIDER ELECTRIC,SU
3187,SCHNEIDER ELECTRIC,4SU
3188,Schott Pharma,1SXP
3189,SCHREDER,-
3190,SCHREDER BE,-
3191,SCIENCE APPLICATIO,1SAIC
3192,SCIENTIA SCHOOL,MLSCI
3193,SCIUKER FRAMES,SCK
3194,SCOR,4SCR
3195,SCOR SE,SCR
3196,SCOR SE,2SCR
3197,Scout24 SE,1G24
3198,SCR-SIBELCO,-
3199,Sea1 Offshore,SEA1
3200,SEACREST PETROLEO,SEAPT
3201,SEAGATE TECHNOLOGY,4STX
3202,SEAGATE TECHNOLOGY,2STX
3203,SEAGATE TECHNOLOGY,1STX
3204,SECHE ENVIRONNEM.,SCHP
3205,SECO,IOT
3206,Sectra,1SECT
3207,Securitas,1SECU
3208,SED ENERGY HOLDING,ENH
3209,SEGRO PLC,SGRO
3210,SEI INVESTMENTS CO,1SEIC
3211,SEIF SPA,ALSEI
3212,SELCODIS,SLCO
3213,SELECTIRENTE,SELER
3214,SELVAAG BOLIG,SBO
3215,SEMAPA,SEM
3216,SEMAPA,2SEM
3217,SEMCO TECHNOLOGIES,ALSEM
3218,SEMPLICEMENTE SpA,MLSMP
3219,Sempra,1SRE
3220,SEMTECH CORP,1SMTC
3221,SENSORION,ALSEN
3222,SENTIA,SNTIA
3223,SENTINELONE CLASS,1SUS
3224,SEQUA PETROLEUM NV,MLSEQ
3225,SEQUANA MEDICAL,SEQUA
3226,SERGEFERRARI GROUP,SEFER
3227,SERI INDUSTRIAL,SERI
3228,SERVICENOW,2NOW
3229,SERVICENOW,1NOW
3230,SERVICENOW,4NOW
3231,SES,SESG
3232,SESA,SES
3233,SEZZLE INC,1SEZL
3234,SG COMPANY,SGC
3235,SGS,1SGSN
3236,SHELF DRILLING,SHLF
3237,SHELF DRILLING NO,SDNS
3238,SHELL PLC,SHELL
3239,SHERWIN-WILLIAMS,4SHW
3240,SHERWIN-WILLIAMS,2SHW
3241,SHERWIN-WILLIAMS,1SHW
3242,SHOWROOMPRIVE,SRP
3243,SHURGARD,SHUR
3244,SIAV,SIAV
3245,SICILY BY CAR,SBC
3246,SIDETRADE,ALBFR
3247,SIEMENS,4SIE
3248,SIEMENS,1SIE
3249,SIEMENS,2SIE
3250,SIEMENS ENERGY,2ENR
3251,SIEMENS ENERGY,1ENR
3252,SIEMENS ENERGY,4ENR
3253,SIEMENS HEALTH,2SHL
3254,SIEMENS HEALTH,4SHL
3255,SIEMENS HEALTH,1SHL
3256,SIF HOLDING,SIFG
3257,SIG Group,1SIGN
3258,SIGNAUX GIROD,ALGIR
3259,SIGNIFY NV,2LIGHT
3260,SIGNIFY NV,LIGHT
3261,Sika,1SIKA
3262,SILICON LABORATORI,1SLAB
3263,SILTRONIC,1WAF
3264,SILTRONIC,2WAF
3265,SILTRONIC,4WAF
3266,SIMON PROPERTY GR,2SPG
3267,SIMON PROPERTY GR,1SPG
3268,SIMON PROPERTY GR,4SPG
3269,SIMONE,SMN
3270,Sinch,1SINC
3271,SINGULARITY FUTURE,2SGLY
3272,SINGULARITY FUTURE,1SGLY
3273,SIPARIO MOVIES,ALIE
3274,SIPEF,SIP
3275,SIRIUS MEDIA,ALSRS
3276,SIT,SIT
3277,SIXT,1SIX
3278,SIXT,2SIX
3279,SIXT,4SIX
3280,SKANDIA GREENPOWER,SKAND
3281,SKANDINAVISKA ENSK,4SEBA
3282,SKANDINAVISKA ENSK,2SEBA
3283,SKANDINAVISKA ENSK,1SEBA
3284,Skanska,1SKAB
3285,SKF,1SKFB
3286,SKUE SPAREBANK,SKUE
3287,SKYWEST INC,1SKYW
3288,SKYWORKS SOLUTIONS,1SWKS
3289,SKYWORKS SOLUTIONS,4SWKS
3290,SKYWORKS SOLUTIONS,2SWKS
3291,SLIGRO FOOD GROUP,SLIGR
3292,SLM CORP,1SLM
3293,SMA SOLAR TECHNOL,1S
3294,SMA SOLAR TECHNOL,2S
3295,SMA SOLAR TECHNOL,4S
3296,SMAIO,ALSMA
3297,SMALTO,MLSML
3298,SMALTO BSA,SMLBS
3299,SMART CAPITAL,SMCAP
3300,SMART GOOD THINGS,MLSGT
3301,SMARTCRAFT,SMCRT
3302,SMARTOPTICS GROUP,SMOP
3303,SMCP,SMCP
3304,SMTPC,ALTPC
3305,SNAM,2SRG
3306,SNAM,SRG
3307,SNAP - CLASSE A,1SNAP
3308,SNAP - CLASSE A,4SNAP
3309,SNAP - CLASSE A,2SNAP
3310,Snap-on Inc,1SNA
3311,SNCB/NMBS -Jce/Gen,-
3312,SNOWFLAKE,1SNOW
3313,SNOWFLAKE,4SNOW
3314,SNOWFLAKE,2SNOW
3315,SOC EDIT IL FATTO,SEIF
3316,SOC FRANC CASINOS,SFCA
3317,SOCIETE GENERALE,4GLE
3318,SOCIETE GENERALE,2GLE
3319,SOCIETE GENERALE,GLE
3320,SOCIETE GENERALE,1GLE
3321,SOCLINPAR,-
3322,SODEXO,2SW
3323,SODEXO,SW
3324,SODEXO,4SW
3325,SODITECH,SEC
3326,SOFI TECHNOLOGIES,1SOFI
3327,SOFINA,SOF
3328,SOFINA,2SOF
3329,SOFTIMAT,SOFT
3330,SOFTLAB,SFT
3331,SOFTOX SOLUTIONS,SOFTX
3332,SOFTWAREONE HOLD,SWON
3333,SOGECLAIR,ALSOG
3334,SOGEFI,SGF
3335,SOGES GROUP,SOGES
3336,SOGN SPAREBANK,SOGN
3337,SOILTECH,STECH
3338,SOITEC,2SOI
3339,SOITEC,SOI
3340,SOL,SOL
3341,SOL CAP MANAG SIM,SCM
3342,Solaria Energia,1SLR
3343,SOLID WORLD GROUP,S3D
3344,SOLOCAL GROUP,LOCAL
3345,SOLSTAD MARITIME,SOMA
3346,SOLSTAD OFFSHORE,SOFF
3347,SOLUTIONS 30 SE,2S30
3348,SOLUTIONS 30 SE,S30
3349,SOLVAC NOM(RETAIL),SOLV
3350,SOLVAY,4SOLBM
3351,SOLVAY,SOLB
3352,SOLVAY,2SOLB
3353,SOLVAY (CP 41),-
3354,Solventum Corp,1SOLV
3355,SOMEC,SOM
3356,SOMNIGROUP INTERN,1SGI
3357,SONAE,SON
3358,SONAE,2SON
3359,"SONAECOM,SGPS",SNC
3360,SONAGI,SNG
3361,Sonova Holding,1SOON
3362,SOPRA STERIA GROUP,2SOP
3363,SOPRA STERIA GROUP,SOP
3364,SOSTRAVEL.COM,SOS
3365,Southwest Air,1LUV
3366,SPADEL,SPA
3367,SPANISH RETAIL INV,-
3368,SPARBNK 68 GR NORD,SB68
3369,SPAREBANK 1 SMN,MING
3370,SPAREBANK 1 SØR-N,SB1NO
3371,SPAREBANKEN MØRE,MORG
3372,SPAREBANKEN NORGE,SBNOR
3373,SPAREBANKEN ØST,SPOG
3374,SPARTOO,ALSPT
3375,SPBK 1 NORDMØRE,SNOR
3376,SPBK 1 ØSTLANDET,SPOL
3377,SPBK1 HELGELAND,HELG
3378,SPBK1 NORD-NORGE,NONG
3379,SPBK1 RINGERIKE,RING
3380,SPBK1 ØSTFOLD AKE,SOAG
3381,SPEED RABBIT PIZZA,MLSRP
3382,SPIE,SPIE
3383,SPIE,2SPIE
3384,SPINDOX,SPN
3385,SPINEGUARD,ALSGD
3386,SPINEWAY,ALSPW
3387,SPIR GROUP,SPIR
3388,SPORTING,SCP
3389,SPOTIFY TECHNOLOGY,2SPOT
3390,SPOTIFY TECHNOLOGY,1SPOT
3391,SPOTIFY TECHNOLOGY,4SPOT
3392,SPOTLIO,SPOT
3393,SPROUTS FARMERS MA,1SFM
3394,SPS COMMERCE INC,1SPSC
3395,SS&C TECHNOLOGIES,1SSNC
3396,SSAB AB,1SSAB
3397,ST DUPONT,DPT
3398,ST GOBAIN IMB,-
3399,ST-PIETERS-LEEUW,-
3400,STAINLESS TANKERS,STST
3401,STANDARDCOIN,SCOIN
3402,Stanley B&D,1SWK
3403,STAR7,STAR7
3404,STARBUCKS CORP,4SBUX
3405,STARBUCKS CORP,1SBUX
3406,STARBUCKS CORP,2SBUX
3407,State Street Corp,1STT
3408,STEEL DYNAMICS,2STLD
3409,STEEL DYNAMICS,1STLD
3410,STEEL DYNAMICS,4STLD
3411,STEF,STF
3412,STEICO,2ST
3413,STEICO,1ST
3414,STEICO,4ST
3415,STELLANTIS,2STLAM
3416,STELLANTIS,STLAM
3417,STELLANTIS NV,STLAP
3418,STERLING INFRASTRU,1STRL
3419,STIF,ALSTI
3420,STMICROELECTRONICS,STMMI
3421,STMICROELECTRONICS,2STMMI
3422,STMICROELECTRONICS,STMPA
3423,STOLT-NIELSEN,SNI
3424,STONECO LTD-A,1STNE
3425,Stora Enso Oyj,1STER
3426,STOREBRAND,STB
3427,STRADIM ESPAC.FIN,ALSAS
3428,Strategy,2MSTR
3429,Strategy,4MSTR
3430,Strategy,1MSTR
3431,STRAUMANN,1STMN
3432,STREAMWIDE,ALSTW
3433,STREAMWIDE BS25,STWBS
3434,STREAMWIDE BS25-2,STRBS
3435,STREIT MECANIQUE,MLSTR
3436,Stroeer SE & Co,1SAX
3437,STRONGPOINT,STRO
3438,STRYKER,1SYK
3439,STRYKER,4SYK
3440,STRYKER,2SYK
3441,STUDENT PROPERTY,MLSPI
3442,SUBSEA 7,SUBC
3443,SUMO RESOURCES PLC,MLSUM
3444,Super Micro C,4SMCI
3445,Super Micro C,2SMCI
3446,Super Micro C,1SMCI
3447,SURONGO,-
3448,SVAS BIOSANA,SVS
3449,Svenska Cellulosa,1SCAB
3450,Svenska Hand,1SHBA
3451,SWATCH GROUP,1UHR
3452,Sweco AB,1SWEC
3453,Swedbank AB,1SWED
3454,Swedish Orphan,1SOBI
3455,Swiss Life Holding,1SLHN
3456,SWISS PRIME SITE,1SPSN
3457,Swiss Re,1SREN
3458,Swisscom,1SCMN
3459,SWORD GROUP,SWP
3460,SYENSQO,SYENS
3461,SYMRISE,2SYM
3462,SYMRISE,1SYM
3463,SYNAPTICS INC,1SYNA
3464,Synchrony Fin,1SYF
3465,SYNERGIE,SDG
3466,Synopsys Inc,1SNPS
3467,SYS-DAT,SYS
3468,Sysco Corp,1SYY
3469,T ROWE PRICE GROUP,2TROW
3470,T ROWE PRICE GROUP,1TROW
3471,T ROWE PRICE GROUP,4TROW
3472,T-MOBILE US,2TMUS
3473,T-MOBILE US,4TMUS
3474,T-MOBILE US,1TMUS
3475,TAG Immobilien,1TEG
3476,Take-Two Inter,1TTWO
3477,Talanx AG,1TLX
3478,TALEA,TALEA
3479,TAMBURI,TIP
3480,Tapestry Inc,1TPR
3481,Targa Resources,1TRGP
3482,TARGET,2TGT
3483,TARGET,1TGT
3484,TARGET,4TGT
3485,TARKETT,TKTT
3486,TATATU,ALTTU
3487,TAYNINH,TAYN
3488,TEAMVIEWER,4TMV
3489,TEAMVIEWER,2TMV
3490,TEAMVIEWER,1TMV
3491,TECAN GROUP,1TECN
3492,TECHNIP ENERGIES,2TE
3493,TECHNIP ENERGIES,TE
3494,TECHNOGYM,TGYM
3495,TECHNOPROBE,TPRO
3496,TECHSTEP,TECH
3497,TECMA SOLUTIONS,TCM
3498,TECNO,TCG
3499,TEIXEIRA DUARTE,TDSA
3500,TEKNA HOLDING,TEKNA
3501,Tele2 AB,1TEL
3502,TELECOM ITALIA,TIT
3503,TELECOM ITALIA,2TIT
3504,TELECOM ITALIA R,2TITR
3505,TELECOM ITALIA R,TITR
3506,Teledyne Tech,1TDY
3507,Teleflex Inc,1TFX
3508,TELEFONICA,1TEF
3509,TELEFONICA,2TEF
3510,TELEFONICA,4TEF
3511,Telekom Austria,1TEA
3512,TELENOR,TEL
3513,TELEPERFORMANCE,TEP
3514,TELEPERFORMANCE,4TEP
3515,TELEPERFORMANCE,2TEP
3516,TELESIA,TLS
3517,TELEVERBIER,TVRB
3518,TELEVISTA,MLVST
3519,Telia Co AB,1TELI
3520,TEMENOS,1TEMN
3521,TENARIS,2TEN
3522,TENARIS,TEN
3523,TENAX INTERNAT,TNX
3524,TENET HEALTHCARE C,1THC
3525,TERACT,TRACT
3526,TERACT BS,TERBS
3527,Teradyne Inc,1TER
3528,Terawulf Inc,1WULF
3529,TERNA,2TRN
3530,TERNA,TRN
3531,TESLA,2TSLA
3532,TESLA,1TSLA
3533,TESLA,4TSLA
3534,TESMEC,TES
3535,TESSELLIS,TSL
3536,TESSENDERLO,TESB
3537,TETRA TECH INC,1TTEK
3538,TETRAGON FIN GRP,TFG
3539,TEXAF,TEXF
3540,TEXAS INSTRUMENTS,1TXN
3541,TEXAS INSTRUMENTS,2TXN
3542,TEXAS INSTRUMENTS,4TXN
3543,TEXAS ROADHOUSE IN,1TXRH
3544,Textron Inc,1TXT
3545,TF1,2TFI
3546,TF1,TFI
3547,TFF GROUP,TFF
3548,TG THERAPEUTICS IN,1TGTX
3549,TGS,TGS
3550,THALES,2HO
3551,THALES,HO
3552,THALES,4HO
3553,THE AZUR SELECTION,MLAZR
3554,THE BANK OF NY MEL,2BK
3555,THE BANK OF NY MEL,1BK
3556,THE BANK OF NY MEL,4BK
3557,The Campbell's C,1CPB
3558,THE CLOROX COMPANY,1CLX
3559,THE CLOROX COMPANY,4CLX
3560,THE CLOROX COMPANY,2CLX
3561,THE COCA-COLA COMP,4KO
3562,THE COCA-COLA COMP,2KO
3563,THE COCA-COLA COMP,1KO
3564,THE ITALIAN SEA G,TISG
3565,THE KINGFISH COMP,KING
3566,THE KRAFT HEINZ,2KHC
3567,THE KRAFT HEINZ,4KHC
3568,THE KRAFT HEINZ,1KHC
3569,THE LONDON TUNNELS,TLT
3570,THE NAVIGATOR COMP,NVG
3571,THE SOUTHERN COMP,1SO
3572,THE SOUTHERN COMP,4SO
3573,THE SOUTHERN COMP,2SO
3574,THE TRAVELERS COMP,1TRV
3575,THE TRAVELERS COMP,2TRVC
3576,THE TRAVELERS COMP,4TRV
3577,THE WALT DISNEY,2DIS
3578,THE WALT DISNEY,4DIS
3579,THE WALT DISNEY,1DIS
3580,THEON INTERNAT,THEON
3581,THERACLION,ALTHE
3582,THERANEXUS,ALTHX
3583,THERMADOR GROUPE,THEP
3584,THERMO FISHER SC,2TMO
3585,THERMO FISHER SC,1TMO
3586,THERMO FISHER SC,4TMO
3587,THOR MEDICAL,TRMED
3588,Thule Group AB,1THUL
3589,THYSSENKRUPP,2TKA
3590,THYSSENKRUPP,4TKA
3591,THYSSENKRUPP,1TKA
3592,TIETOEVRY,TIETO
3593,TIKEHAU CAPITAL,TKO
3594,TINC,TINC
3595,TINDE SPAREBANK,TINDE
3596,TINEXTA,TNXT
3597,TISSAGES BRUGGEMAN,-
3598,TITAN,TITAN
3599,TITAN S.A.,TITC
3600,TJX COMPANIES INC,4TJX
3601,TJX COMPANIES INC,1TJX
3602,TJX COMPANIES INC,2TJX
3603,TKH GROUP,2TWEKA
3604,TKH GROUP,TWEKA
3605,TME PHARMA,ALTME
3606,TMP GROUP,TMP
3607,TOAST INC-CLASS A,1TOST
3608,TOMRA SYSTEMS,TOM
3609,TOMTOM,TOM2
3610,TONNER DRONES,ALTD
3611,TONNER DRONES BSA,TDBS
3612,TOOSLA,ALTOO
3613,TOSCANA AEROPORTI,TYA
3614,TOTALENERGIES,2TTE
3615,TOTALENERGIES,TTE
3616,TOTALENERGIES,4TTE
3617,TotalEnergiesGabon,EC
3618,TOUAX,ALTOU
3619,TOUR EIFFEL,EIFF
3620,TOYOTA CAETANO,SCT
3621,TPG INC,1TPG
3622,TPS,TPS
3623,TRACTIAL,ALTRA
3624,Tractor Supply Co,1TSCO
3625,Trade Desk,1TTD
3626,TRADELAB,TRAI
3627,Trane Tech,1TTH
3628,TRANSGENE,TNG
3629,TRANSMEDICS GROUP,1TMDX
3630,TRATON,28TRA
3631,TRATON,48TRA
3632,TRATON,18TRA
3633,TRAWELL CO,TWL
3634,TREASURE,TRE
3635,TRENDEVICE,TD
3636,TREVI FIN IND,TFIN
3637,TRIBOO,TB
3638,TRIGANO,TRI
3639,TRIGANO,2TRI
3640,TRILOGIQ,ALTRI
3641,Trimble Inc,1TRMB
3642,TRIODOS BANK,TRIO
3643,TRIPADVISOR,1TRIP
3644,TRIPADVISOR,2TRIP
3645,TRIPADVISOR,4TRIP
3646,TROC ILE,MLTRO
3647,TRONICS,ALTRO
3648,TRUIST FINL CORP.,1TFC
3649,TRUIST FINL CORP.,4TFC
3650,TRUIST FINL CORP.,2TFC
3651,TRØNDELAG SPBK,TRSB
3652,TUBIZE (ATTR),TUBAT
3653,TUBIZE-FIN,TUB
3654,TUI,2TUI1U
3655,TUI,1TUI1U
3656,TUI,4TUI1U
3657,TWIST BIOSCIENCE C,1TWST
3658,TXCOM,ALTXC
3659,TXT E-SOLUTIONS,TXT
3660,Tyler Technologies,1TYL
3661,TYSNES SPAREBANK,TYSB
3662,Tyson Foods Inc,1TSN
3663,U10 CORP,ALU10
3664,UBALDI COSTRUZIONI,UBA
3665,UBER TECHNOLOGIES,2UBER
3666,UBER TECHNOLOGIES,4UBER
3667,UBER TECHNOLOGIES,1UBER
3668,UBISOFT ENTERT,4UBI
3669,UBISOFT ENTERTAIN,UBI
3670,UBISOFT ENTERTAIN,2UBI
3671,UBS Group,1UBSG
3672,UCAPITAL GLOBAL,MLALE
3673,UCAPITAL24,U24
3674,UCARE SERVICES BEL,PNSB
3675,UCB,UCB
3676,UCB,4UCB
3677,UCB,2UCB
3678,UIPATH INC CLASS A,1PATH
3679,ULISSE BIOMED,UBM
3680,Ulta Beauty Inc,1ULTA
3681,UMALIS GROUP,MLUMG
3682,UMB FINANCIAL CORP,1UMBF
3683,UMG,UMG
3684,UMG,2UMG
3685,UMICORE,2UMI
3686,UMICORE,UMI
3687,UMICORE,4UMI
3688,UNDER ARMOUR - CLA,4UAA
3689,UNDER ARMOUR - CLA,2UAA
3690,UNDER ARMOUR - CLA,1UAA
3691,UNIBAIL-RODAMCO-WE,URW
3692,UNIBAIL-RODAMCO-WE,2URW
3693,Unicaja Banco SA,1UNI
3694,UNICREDIT,2UCG
3695,UNICREDIT,UCG
3696,UNIDATA,UD
3697,UNILEVER,UNA
3698,UNION PACIFIC,1UNP
3699,UNION PACIFIC,2UNP
3700,UNION PACIFIC,4UNP
3701,UNION TECH.INFOR.,FPG
3702,UNIPER,4UN
3703,UNIPER,2UN
3704,UNIPER,1UN
3705,UNIPHAR PLC,UPR
3706,UNIPOL,UNI
3707,UNIQA Insurance,1UQA
3708,UNITED AIRLINES H,4UAL
3709,UNITED AIRLINES H,1UAL
3710,UNITED AIRLINES H,2UAL
3711,UNITED INTERNET,2UTDI
3712,UNITED INTERNET,4UTDI
3713,UNITED INTERNET,1UTDI
3714,United Parcel,1UPS
3715,United Rentals,1URI
3716,UNITEDHEALTH GROUP,2UNH
3717,UNITEDHEALTH GROUP,4UNH
3718,UNITEDHEALTH GROUP,1UNH
3719,UNITI,ALUNT
3720,Universal Health,1UHS
3721,UPERGY,ALUPG
3722,UPM-Kymmene Oyj,1UPM
3723,UPSTART HOLDINGS I,1UPST
3724,UPWORK INC,1UPWK
3725,URANIUM ENERGY COR,1UEC
3726,URCOLESA,MLURC
3727,US BANCORP,2USB
3728,US BANCORP,4USB
3729,US BANCORP,1USB
3730,UTEXBEL,-
3731,UV GERMI,ALUVI
3732,V LANSCHOT KEMPEN,2VLK
3733,V LANSCHOT KEMPEN,VLK
3734,V.F.,2VFC
3735,V.F.,4VFC
3736,V.F.,1VFC
3737,VAA VISTA ALEGRE,VAF
3738,VALBIOTIS,ALVAL
3739,VALEO,2FR
3740,VALEO,4FR
3741,VALEO,FR
3742,VALERIO TX,ALVIO
3743,Valero Energy,1VLO
3744,VALICA,VLC
3745,VALLEY NATIONAL BA,1VLY
3746,VALLOUREC,2VK
3747,VALLOUREC,VK
3748,VALLOUREC BSA 21,VKBS
3749,Valmet Oyj,1VALM
3750,VALNEVA,4VLA
3751,VALNEVA,VLA
3752,VALNEVA,2VLA
3753,VALSOIA,VLS
3754,VALTECNE,VLT
3755,VALUE8,VALUE
3756,VALUE8 CUM PREF,PREVA
3757,VAN DE VELDE,VAN
3758,VAN GENECHTEN,-
3759,VANDOR REAL ESTATE,MLVRE
3760,VANTAGE DRILLING I,VDI
3761,VANTEA SMART,VNT
3762,VANTIVA,VANTI
3763,VARONIS SYSTEMS IN,1VRNS
3764,VASTNED,VASTB
3765,VAT GROUP,1VACN
3766,VAXCYTE INC,1PCVX
3767,VAZIVA,ALVAZ
3768,VDK BANK,-
3769,VEEVA SYSTEMS INC,1VEEV
3770,VEIDEKKE,VEI
3771,VEND SER. A,VENDA
3772,VEND SER. B,VENDB
3773,VENTE UNIQUE.COM,ALVU
3774,VENTURA OFFSHORE,VTURA
3775,VEOLIA ENVIRON,4VIE
3776,VEOLIA ENVIRON.,2VIE
3777,VEOLIA ENVIRON.,VIE
3778,VEOM GROUP,ALVG
3779,VERALLIA,2VRLA
3780,VERALLIA,VRLA
3781,Veralto Corp,1VLTO
3782,VERBIO,2VBK
3783,VERBIO,4VBK
3784,VERBIO,1VBK
3785,Verbund AG,4VER
3786,Verbund AG,1VER
3787,VERGNET,ALVER
3788,VERIMATRIX,VMX
3789,VeriSign Inc,1VRSN
3790,Verisk Analytics,1VRSK
3791,VERIZON COMMUNICAT,2VZ
3792,VERIZON COMMUNICAT,1VZ
3793,VERIZON COMMUNICAT,4VZ
3794,VERNEY CARRON,MLVER
3795,VERSITY,MLVSY
3796,VERTEX INC - CLASS,1VERX
3797,VERTEX PHARMA,2VRTX
3798,VERTEX PHARMA,1VRTX
3799,VERTEX PHARMA,4VRTX
3800,VERTIV HOLDINGS CO,1VRT
3801,VETOQUINOL,VETO
3802,VGP,VGP
3803,VIALIFE,ALVIA
3804,VIATRIS INC,2VTRS
3805,VIATRIS INC,1VTRS
3806,VIATRIS INC,4VTRS
3807,VICAT,VCT
3808,Vidrala SA,1VID
3809,VIEL ET COMPAGNIE,VIL
3810,Vienna Insurance,1VIG
3811,VIKING THERAPEUTIC,1VKTX
3812,VILA DOS NUMEROS,MLVDN
3813,VIMI FASTENERS,VIM
3814,VINCI,2DG
3815,VINCI,DG
3816,VINCI,4DG
3817,VINEXT,VNXT
3818,VINPAI,ALVIN
3819,VIOHALCO,VIO
3820,VIRBAC,2VIRP
3821,VIRBAC,VIRP
3822,VIRGIN GALACTIC HO,1SPCE
3823,VIRGIN GALACTIC HO,2SPCE
3824,VIRGIN GALACTIC HO,4SPCE
3825,VIRIDIEN,2CGG
3826,VIRIDIEN,VIRI
3827,VIRTUALWARE,ALVIR
3828,VISA - CLASSE A,4V
3829,VISA - CLASSE A,2V
3830,VISA - CLASSE A,1V
3831,Viscofan SA,1VIS
3832,VISIBILIA EDITORE,VE
3833,VISTIN PHARMA,VISTN
3834,Vistra Corp,1VST
3835,VITAL FARMS INC,1VITL
3836,VITURA,VTR
3837,VIVENDA GROUP,VVG
3838,VIVENDI,1VIV
3839,VIVENDI,4VIV
3840,VIVENDI,2VIV
3841,VIVENDI SE,VIV
3842,VIVORYON,VVY
3843,VNE,VNE
3844,voestalpine AG,4VOE
3845,voestalpine AG,1VOE
3846,VOGO,ALVGO
3847,VOLKSVERMOGEN,-
3848,VOLKSWAGEN,4VOW3
3849,VOLKSWAGEN,4VOW
3850,VOLKSWAGEN,2VOW3
3851,VOLKSWAGEN,1VOW3
3852,VOLTA FINANCE,VTA
3853,VOLTALIA,2VLTSA
3854,VOLTALIA,VLTSA
3855,VOLVO CAR,4VOLVB
3856,VOLVO CAR,2VOLVB
3857,VOLVO CAR,1VOLVB
3858,Volvo Car AB,1VOLC
3859,VONOVIA,4VNA
3860,VONOVIA,2VNA
3861,VONOVIA,1VNA
3862,VOORUITZICHT,-
3863,VOPAK,VPK
3864,VOPAK,2VPK
3865,VOSS VEKSEL OGLAND,VVL
3866,VOW,VOW
3867,VOYAGEURS DU MONDE,ALVDM
3868,VRANKEN-POMMERY,VRAP
3869,VREF SEVILLE,MLVRF
3870,Vulcan Materials,1VMC
3871,VusionGroup,2SESL
3872,VusionGroup,VU
3873,VÅR ENERGI,VAR
3874,W AATECH 23-26,WAAT26
3875,W ABC COMP 22-29,WABC29
3876,W ACQUAZZUR 21-26,WACQ26
3877,W ADRIATICA 24-27,WDEA27
3878,W ALFIO BARD 17-27,WABTG
3879,W AMBROMOBIL 20-26,WAMB26
3880,W COPERNICO 19-25,WCOP25
3881,W CUBE LABS 2025,WCUBE
3882,W DEOD GALLE 23-28,WART28
3883,W ELES 19-26,WELES
3884,W EPRCOMUNIC 22-25,WEPRB
3885,W FAE TECH 22-25,WFAE25
3886,W FIN TECH 21-26,WFTC26
3887,W FRANCHETTI 22-25,WFCH25
3888,W FRANCHI U MARMI,WFUM
3889,W G.M. LEATH 22-27,WGML27
3890,W GISMONDI 19-26,WGIS26
3891,W GT TALENT 24-27,WGT27
3892,W HAIKI+ 25-26,WHIK26
3893,W IMPIANTI 22-25,WMPT25
3894,W INNOVATEC 23-26,WINC26
3895,W IVISION 23-26,WIVN26
3896,W LEMON 23-26,WLS26
3897,W NUSCO 21-26,WNUS26
3898,W OSAI 2020-2025,WOSA25
3899,W PALINGEO 24-26,WPAL26
3900,W POZZI MI 22-2027,WPOZ27
3901,W R Berkley Corp,1WRB
3902,W REDFISH 23-25,WRFLTC
3903,W RENOVALO 22-25,WRNV25
3904,W RINOPETINO 25-28,WRPTN
3905,W SAC F FRAN 22-25,WSAC25
3906,W SG COMPANY 18-28,WSGC28
3907,W SICILY BY CAR A,WSBCA
3908,W SICILY BY CAR B,WSBCB
3909,W SICILY BY CAR C,WSBCC
3910,W SOGES 2024-2027,WSOGES
3911,W SOST.COM 21-26,WSOS26
3912,W TMP GROUP 23-25,WTMP25
3913,W TRAWELL CO 21-26,WTWL26
3914,W ULISSE BIO 21-26,WUBM26
3915,W VINEXT 25-28,WVNXT
3916,WACKER CHEMIE,4WCH
3917,WACKER CHEMIE,1WCH
3918,WACKER CHEMIE,2WCH
3919,WAGA ENERGY,WAGA
3920,WALGREENS BOOTS AL,2WBA
3921,WALGREENS BOOTS AL,4WBA
3922,WALGREENS BOOTS AL,1WBA
3923,WALLENIUS WILHELMS,WAWI
3924,Wallenstam AB,1WALL
3925,WALLIX,ALLIX
3926,WALMART,4WMT
3927,WALMART,2WMT
3928,WALMART,1WMT
3929,WAREHOUSES ESTATES,WEB
3930,WARNER BROS DISCOV,2WBDA
3931,WARNER BROS DISCOV,1WBD
3932,WARNER BROS DISCOV,4WBD
3933,WARR DHH 25-28,WDHH28
3934,WARR DOTSTAY 22-25,WDOT25
3935,WARR E-GLOBE 23-26,WEGB26
3936,WARR EXECUS 23-26,WEXE26
3937,WARR GEOX 25-26,WGEO26
3938,WARR SIMONE 23-26,WSMN26
3939,Wartsila OYJ Abp,1WRT
3940,WASTE MANAGEMENT,2WM
3941,WASTE MANAGEMENT,1WM
3942,WASTE MANAGEMENT,4WM
3943,Waters Corp,1WAT
3944,WAVESTONE,WAVE
3945,WDESTINATION 24-27,WDIT27
3946,WDP,2WDP
3947,WDP,WDP
3948,WE.CONNECT,ALWEC
3949,WEACCESS GROUP,MLWEA
3950,WEATHERFORD INTERN,1WFRD
3951,WEBSOLUTE,WBS
3952,WEBSTEP,WSTEP
3953,WEBUILD,2WBD
3954,WEBUILD,WBD
3955,WEBUILD RSP,WBDR
3956,WEC ENERGY GROUP,1WEC
3957,WEC ENERGY GROUP,2WEC
3958,WEC ENERGY GROUP,4WEC
3959,WELLNESS,MLWRS
3960,WELLS FARGO & CO,1WFC
3961,WELLS FARGO & CO,4WFC
3962,WELLS FARGO&CO,2WFC
3963,WENDEL,2MF
3964,WENDEL,MF
3965,WENDY'S CO/THE,1WEN
3966,WERELDHAVE,WHA
3967,WERELDHAVE BELGIUM,WEHB
3968,West Pharma,1WST
3969,WESTERN BULK CHART,WEST
3970,WESTERN DIGITAL,2WDC
3971,WESTERN DIGITAL,1WDC
3972,WESTERN DIGITAL,4WDC
3973,Westinghouse Air,1WAB
3974,WEYA,MLWEY
3975,WEYERHAEUSER,1WY
3976,WEYERHAEUSER,4WY
3977,WEYERHAEUSER,2WY
3978,WEYVELD NOSSEGEM,-
3979,WFD UNIBAIL-RODAMC,4URW
3980,WFINCANTIERI 24-26,WFCT26
3981,WHAT''S COOKING GP,WHATS
3982,WHITESTONE GROUP,ROCK
3983,Wienerberger AG,1WIE
3984,Wihlborgs Fast,1WIHL
3985,WIIT,WIIT
3986,WILH. WILHELMSEN A,WWI
3987,WILH. WILHELMSEN B,WWIB
3988,Williams Cos,1WMB
3989,WILLIAMS-SONOMA IN,1WSM
3990,Willis Towers W,1WTW
3991,WILLSCOT HOLDINGS,1WSC
3992,WINFARM,ALWF
3993,WINGSTOP INC,1WING
3994,WINTRUST FINANCIAL,1WTFC
3995,WITBE,ALWIT
3996,WOLTERS KLUWER,2WKL
3997,WOLTERS KLUWER,WKL
3998,WOODWARD INC,1WWD
3999,WORKDAY,2WDAY
4000,WORKDAY,1WDAY
4001,WORKDAY,4WDAY
4002,WORLDLINE,2WLN
4003,WORLDLINE,WLN
4004,WPASQUARELLI 23-26,WPSQ26
4005,WW Grainger Inc,1GWW
4006,Wynn Resorts Ltd,1WYNN
4007,X-FAB,XFAB
4008,Xcel Energy Inc,1XEL
4009,XENIA,XHS
4010,XILAM ANIMATION,XIL
4011,XIOR,XIOR
4012,XP INC - CLASS A,1XP
4013,XPLORA TECHNOLOGIE,XPLRA
4014,Xylem Inc/NY,1XYL
4015,YAKKYO,YKY
4016,YARA INTERNATIONAL,YAR
4017,YOLO GROUP,YOLO
4018,YOUNITED FIN. WARR,YOUNW
4019,YOUNITED FINANCIAL,YOUNI
4020,Yum! Brands Inc,1YUM
4021,ZALANDO,2ZAL
4022,ZALANDO,1ZAL
4023,ZALANDO,4ZAL
4024,ZALARIS,ZAL
4025,ZAPTEC,ZAP
4026,ZCCM,MLZAM
4027,ZCI LIMITED,CV
4028,Zebra Technologies,1ZBRA
4029,ZELLUNA,ZLNA
4030,ZENITH ENERGY,ZENA
4031,ZENOBE GRAMME CERT,ZEN
4032,ZEST,ZEST
4033,ZIGNAGO VETRO,ZV
4034,ZILLOW GROUP A,1ZGU
4035,ZILLOW GROUP C,1ZUS
4036,Zimmer Biomet,1ZBH
4037,ZOETIS,4ZTS
4038,ZOETIS,1ZTS
4039,ZOETIS,2ZTS
4040,ZOOM COMMUNICATION,4ZM
4041,ZOOM COMMUNICATION,1ZM
4042,ZOOM COMMUNICATION,2ZM
4043,ZOOMINFO TECHNOLOG,1ZI
4044,Zscaler Inc,1ZS
4045,ZUCCHI,ZUC
4046,Zurich Insurance G,1ZURN
